protocol,diagnostic,method,tau,class_name,value
S,perclass_f1,baseline,0.0,nv,0.7021778830167236
S,perclass_f1,baseline,0.0,bkl,0.4087237112929438
S,perclass_f1,baseline,0.0,mel,0.3499411845847045
S,perclass_f1,baseline,0.0,bcc,0.5462341185575335
S,perclass_f1,baseline,0.0,akiec,0.34103421230022873
S,perclass_f1,baseline,0.0,vasc,0.4899050960551975
S,perclass_f1,baseline,0.0,df,0.19414237332807344
S,perclass_f1,SCE,0.0,nv,0.8599601042763556
S,perclass_f1,SCE,0.0,bkl,0.5389663690394123
S,perclass_f1,SCE,0.0,mel,0.4273666214912072
S,perclass_f1,SCE,0.0,bcc,0.6130316743601657
S,perclass_f1,SCE,0.0,akiec,0.4036691953240387
S,perclass_f1,SCE,0.0,vasc,0.764740853016715
S,perclass_f1,SCE,0.0,df,0.41078127067291154
S,perclass_f1,ELR,0.0,nv,0.15772628550352188
S,perclass_f1,ELR,0.0,bkl,0.40981561030799457
S,perclass_f1,ELR,0.0,mel,0.318705022216185
S,perclass_f1,ELR,0.0,bcc,0.5500571351837101
S,perclass_f1,ELR,0.0,akiec,0.33664630980900173
S,perclass_f1,ELR,0.0,vasc,0.3432576726262988
S,perclass_f1,ELR,0.0,df,0.03787740401138116
S,perclass_f1,AsyCo,0.0,nv,0.3160397733293043
S,perclass_f1,AsyCo,0.0,bkl,0.2548560681090134
S,perclass_f1,AsyCo,0.0,mel,0.29873647173486184
S,perclass_f1,AsyCo,0.0,bcc,0.36687943920649035
S,perclass_f1,AsyCo,0.0,akiec,0.35154467094353603
S,perclass_f1,AsyCo,0.0,vasc,0.11334352563507304
S,perclass_f1,AsyCo,0.0,df,0.061275799219253566
S,perclass_f1,baseline,0.1,nv,0.0007393715341959334
S,perclass_f1,baseline,0.1,bkl,0.3583272629397093
S,perclass_f1,baseline,0.1,mel,0.22755822740696377
S,perclass_f1,baseline,0.1,bcc,0.4045783567637023
S,perclass_f1,baseline,0.1,akiec,0.24779152374100882
S,perclass_f1,baseline,0.1,vasc,0.10131821162617916
S,perclass_f1,baseline,0.1,df,0.09463042342930567
S,perclass_f1,SCE,0.1,nv,0.7160654626466666
S,perclass_f1,SCE,0.1,bkl,0.4890113008676466
S,perclass_f1,SCE,0.1,mel,0.36214460414701216
S,perclass_f1,SCE,0.1,bcc,0.5033719989014966
S,perclass_f1,SCE,0.1,akiec,0.35010309113873256
S,perclass_f1,SCE,0.1,vasc,0.2598833651993869
S,perclass_f1,SCE,0.1,df,0.18643786036435173
S,perclass_f1,ELR,0.1,nv,0.0
S,perclass_f1,ELR,0.1,bkl,0.34711224409614566
S,perclass_f1,ELR,0.1,mel,0.2543203432336479
S,perclass_f1,ELR,0.1,bcc,0.4152895883103563
S,perclass_f1,ELR,0.1,akiec,0.25178492510222716
S,perclass_f1,ELR,0.1,vasc,0.08642348297988751
S,perclass_f1,ELR,0.1,df,0.08317670051089177
S,perclass_f1,AsyCo,0.1,nv,0.016477068317433535
S,perclass_f1,AsyCo,0.1,bkl,0.19578259502730083
S,perclass_f1,AsyCo,0.1,mel,0.2669982224594186
S,perclass_f1,AsyCo,0.1,bcc,0.37447229992170983
S,perclass_f1,AsyCo,0.1,akiec,0.31414769636952117
S,perclass_f1,AsyCo,0.1,vasc,0.06867389930003864
S,perclass_f1,AsyCo,0.1,df,0.052325750913725676
S,perclass_f1,baseline,0.2,nv,0.0
S,perclass_f1,baseline,0.2,bkl,0.31347302138553695
S,perclass_f1,baseline,0.2,mel,0.22082827128881913
S,perclass_f1,baseline,0.2,bcc,0.3630934628352688
S,perclass_f1,baseline,0.2,akiec,0.2228563358680832
S,perclass_f1,baseline,0.2,vasc,0.09166020746827673
S,perclass_f1,baseline,0.2,df,0.0793784580092224
S,perclass_f1,SCE,0.2,nv,0.5832824298773437
S,perclass_f1,SCE,0.2,bkl,0.47317768925739845
S,perclass_f1,SCE,0.2,mel,0.3351209462951685
S,perclass_f1,SCE,0.2,bcc,0.46498581607429135
S,perclass_f1,SCE,0.2,akiec,0.3305907212870765
S,perclass_f1,SCE,0.2,vasc,0.19308235632035156
S,perclass_f1,SCE,0.2,df,0.13509352577528236
S,perclass_f1,ELR,0.2,nv,0.0007380073800738007
S,perclass_f1,ELR,0.2,bkl,0.3070931319691218
S,perclass_f1,ELR,0.2,mel,0.2407202364765526
S,perclass_f1,ELR,0.2,bcc,0.4063280779340257
S,perclass_f1,ELR,0.2,akiec,0.2295905145325518
S,perclass_f1,ELR,0.2,vasc,0.08429477025682305
S,perclass_f1,ELR,0.2,df,0.07566544161619317
S,perclass_f1,AsyCo,0.2,nv,0.0025515039489161485
S,perclass_f1,AsyCo,0.2,bkl,0.16286418216770238
S,perclass_f1,AsyCo,0.2,mel,0.23688318953622015
S,perclass_f1,AsyCo,0.2,bcc,0.3932110558913283
S,perclass_f1,AsyCo,0.2,akiec,0.2690493126056647
S,perclass_f1,AsyCo,0.2,vasc,0.0634285555238674
S,perclass_f1,AsyCo,0.2,df,0.04334260431179401
S,perclass_f1,baseline,0.3,nv,0.0
S,perclass_f1,baseline,0.3,bkl,0.28529105725535525
S,perclass_f1,baseline,0.3,mel,0.19417006349669713
S,perclass_f1,baseline,0.3,bcc,0.3792038745277746
S,perclass_f1,baseline,0.3,akiec,0.2093256237557363
S,perclass_f1,baseline,0.3,vasc,0.08228861829559328
S,perclass_f1,baseline,0.3,df,0.07058920920617177
S,perclass_f1,SCE,0.3,nv,0.4621021206624144
S,perclass_f1,SCE,0.3,bkl,0.3997170622819313
S,perclass_f1,SCE,0.3,mel,0.27731340661016074
S,perclass_f1,SCE,0.3,bcc,0.4082459604983738
S,perclass_f1,SCE,0.3,akiec,0.2837562032364144
S,perclass_f1,SCE,0.3,vasc,0.1463875534676506
S,perclass_f1,SCE,0.3,df,0.10123329779562174
S,perclass_f1,ELR,0.3,nv,0.0
S,perclass_f1,ELR,0.3,bkl,0.25832970357122365
S,perclass_f1,ELR,0.3,mel,0.2106151256109176
S,perclass_f1,ELR,0.3,bcc,0.37662747342818126
S,perclass_f1,ELR,0.3,akiec,0.2024177141248659
S,perclass_f1,ELR,0.3,vasc,0.07591178962838466
S,perclass_f1,ELR,0.3,df,0.06725241018515277
S,perclass_f1,AsyCo,0.3,nv,0.001473983574781926
S,perclass_f1,AsyCo,0.3,bkl,0.11677911009864161
S,perclass_f1,AsyCo,0.3,mel,0.23819089431186025
S,perclass_f1,AsyCo,0.3,bcc,0.3096689299038601
S,perclass_f1,AsyCo,0.3,akiec,0.2451007370187907
S,perclass_f1,AsyCo,0.3,vasc,0.06252715392666013
S,perclass_f1,AsyCo,0.3,df,0.043315343636502135
S,perclass_f1,baseline,0.4,nv,0.0003696857670979667
S,perclass_f1,baseline,0.4,bkl,0.22516005894841787
S,perclass_f1,baseline,0.4,mel,0.15876181513122148
S,perclass_f1,baseline,0.4,bcc,0.3405269324904436
S,perclass_f1,baseline,0.4,akiec,0.1967859730730235
S,perclass_f1,baseline,0.4,vasc,0.08235487947925635
S,perclass_f1,baseline,0.4,df,0.06597235064712167
S,perclass_f1,SCE,0.4,nv,0.2549369338946907
S,perclass_f1,SCE,0.4,bkl,0.3493180716510907
S,perclass_f1,SCE,0.4,mel,0.21427786505596164
S,perclass_f1,SCE,0.4,bcc,0.3693180933086406
S,perclass_f1,SCE,0.4,akiec,0.2818432830723501
S,perclass_f1,SCE,0.4,vasc,0.13065365558314418
S,perclass_f1,SCE,0.4,df,0.08638061973135273
S,perclass_f1,ELR,0.4,nv,0.0
S,perclass_f1,ELR,0.4,bkl,0.16479926914035042
S,perclass_f1,ELR,0.4,mel,0.1652043857008366
S,perclass_f1,ELR,0.4,bcc,0.3372599195307224
S,perclass_f1,ELR,0.4,akiec,0.19072111768825517
S,perclass_f1,ELR,0.4,vasc,0.07630818672844349
S,perclass_f1,ELR,0.4,df,0.060847808303112226
S,perclass_f1,AsyCo,0.4,nv,0.04440870407798769
S,perclass_f1,AsyCo,0.4,bkl,0.06993201862774819
S,perclass_f1,AsyCo,0.4,mel,0.2130187508517695
S,perclass_f1,AsyCo,0.4,bcc,0.40179398492440266
S,perclass_f1,AsyCo,0.4,akiec,0.23294134360603475
S,perclass_f1,AsyCo,0.4,vasc,0.05552832147379838
S,perclass_f1,AsyCo,0.4,df,0.05415963594321631
S,perclass_f1,baseline,0.5,nv,0.0018470646813677008
S,perclass_f1,baseline,0.5,bkl,0.18396170543061188
S,perclass_f1,baseline,0.5,mel,0.1386575376912469
S,perclass_f1,baseline,0.5,bcc,0.29600329854942925
S,perclass_f1,baseline,0.5,akiec,0.1805595284709879
S,perclass_f1,baseline,0.5,vasc,0.07824218679328479
S,perclass_f1,baseline,0.5,df,0.06031375615435575
S,perclass_f1,SCE,0.5,nv,0.12419360921504193
S,perclass_f1,SCE,0.5,bkl,0.3039269401831598
S,perclass_f1,SCE,0.5,mel,0.16638288083429828
S,perclass_f1,SCE,0.5,bcc,0.35026480825809136
S,perclass_f1,SCE,0.5,akiec,0.264749695238069
S,perclass_f1,SCE,0.5,vasc,0.11696130200620272
S,perclass_f1,SCE,0.5,df,0.07335292576349799
S,perclass_f1,ELR,0.5,nv,0.002209944751381215
S,perclass_f1,ELR,0.5,bkl,0.13481717170818128
S,perclass_f1,ELR,0.5,mel,0.13024931873469162
S,perclass_f1,ELR,0.5,bcc,0.3132628160162241
S,perclass_f1,ELR,0.5,akiec,0.1740339568918941
S,perclass_f1,ELR,0.5,vasc,0.0709593003123939
S,perclass_f1,ELR,0.5,df,0.0632886690913361
S,perclass_f1,AsyCo,0.5,nv,0.011959145712212816
S,perclass_f1,AsyCo,0.5,bkl,0.057181405258288874
S,perclass_f1,AsyCo,0.5,mel,0.1988591413983145
S,perclass_f1,AsyCo,0.5,bcc,0.3057433437133418
S,perclass_f1,AsyCo,0.5,akiec,0.20274057851657662
S,perclass_f1,AsyCo,0.5,vasc,0.05071873938859789
S,perclass_f1,AsyCo,0.5,df,0.04377927800421364
S,perclass_nta,baseline,0.1,nv,0.0004875402641088121
S,perclass_nta,baseline,0.1,bkl,0.2690065761661831
S,perclass_nta,baseline,0.1,mel,0.4416467321045981
S,perclass_nta,baseline,0.1,bcc,0.4271585720225371
S,perclass_nta,baseline,0.1,akiec,0.6140612502980707
S,perclass_nta,baseline,0.1,vasc,0.4615355233002291
S,perclass_nta,baseline,0.1,df,0.5794444444444443
S,perclass_nta,SCE,0.1,nv,0.444102036511237
S,perclass_nta,SCE,0.1,bkl,0.3310365379894633
S,perclass_nta,SCE,0.1,mel,0.4778740123198982
S,perclass_nta,SCE,0.1,bcc,0.4074390195245209
S,perclass_nta,SCE,0.1,akiec,0.4771731436252516
S,perclass_nta,SCE,0.1,vasc,0.43583863848569726
S,perclass_nta,SCE,0.1,df,0.5413888888888888
S,perclass_nta,ELR,0.1,nv,0.0
S,perclass_nta,ELR,0.1,bkl,0.24265705484613065
S,perclass_nta,ELR,0.1,mel,0.463013552799199
S,perclass_nta,ELR,0.1,bcc,0.42639402405519344
S,perclass_nta,ELR,0.1,akiec,0.6534070866676676
S,perclass_nta,ELR,0.1,vasc,0.4644100670571259
S,perclass_nta,ELR,0.1,df,0.6216666666666666
S,perclass_nta,AsyCo,0.1,nv,0.008837535014005601
S,perclass_nta,AsyCo,0.1,bkl,0.12631437100572013
S,perclass_nta,AsyCo,0.1,mel,0.4110649795687921
S,perclass_nta,AsyCo,0.1,bcc,0.396708358704346
S,perclass_nta,AsyCo,0.1,akiec,0.6036070762785968
S,perclass_nta,AsyCo,0.1,vasc,0.8800700280112045
S,perclass_nta,AsyCo,0.1,df,0.7908333333333333
S,perclass_nta,baseline,0.2,nv,0.0
S,perclass_nta,baseline,0.2,bkl,0.24987171882795983
S,perclass_nta,baseline,0.2,mel,0.3761028431178999
S,perclass_nta,baseline,0.2,bcc,0.43859596221693564
S,perclass_nta,baseline,0.2,akiec,0.5858227473760207
S,perclass_nta,baseline,0.2,vasc,0.4994087535159685
S,perclass_nta,baseline,0.2,df,0.5574436592818944
S,perclass_nta,SCE,0.2,nv,0.3397155403178494
S,perclass_nta,SCE,0.2,bkl,0.336918795973674
S,perclass_nta,SCE,0.2,mel,0.4649086900281529
S,perclass_nta,SCE,0.2,bcc,0.42110316448313645
S,perclass_nta,SCE,0.2,akiec,0.4248687773155039
S,perclass_nta,SCE,0.2,vasc,0.4712383728541691
S,perclass_nta,SCE,0.2,df,0.5481522154316272
S,perclass_nta,ELR,0.2,nv,0.0
S,perclass_nta,ELR,0.2,bkl,0.20013325507586627
S,perclass_nta,ELR,0.2,mel,0.40374815127693137
S,perclass_nta,ELR,0.2,bcc,0.4421146379096765
S,perclass_nta,ELR,0.2,akiec,0.6158713872256876
S,perclass_nta,ELR,0.2,vasc,0.5317665300292505
S,perclass_nta,ELR,0.2,df,0.5956359816653934
S,perclass_nta,AsyCo,0.2,nv,0.00258124377635637
S,perclass_nta,AsyCo,0.2,bkl,0.11591954594106675
S,perclass_nta,AsyCo,0.2,mel,0.38541049919741954
S,perclass_nta,AsyCo,0.2,bcc,0.4033457175140819
S,perclass_nta,AsyCo,0.2,akiec,0.7761573540315517
S,perclass_nta,AsyCo,0.2,vasc,0.9122066488685483
S,perclass_nta,AsyCo,0.2,df,0.6041921313980138
S,perclass_nta,baseline,0.3,nv,0.0
S,perclass_nta,baseline,0.3,bkl,0.2261117157626918
S,perclass_nta,baseline,0.3,mel,0.2810069938698101
S,perclass_nta,baseline,0.3,bcc,0.413710876528446
S,perclass_nta,baseline,0.3,akiec,0.6177216023711427
S,perclass_nta,baseline,0.3,vasc,0.559712072101601
S,perclass_nta,baseline,0.3,df,0.6109851143009037
S,perclass_nta,SCE,0.3,nv,0.2563693274597733
S,perclass_nta,SCE,0.3,bkl,0.32814161982846585
S,perclass_nta,SCE,0.3,mel,0.41267532505423
S,perclass_nta,SCE,0.3,bcc,0.42175522917526076
S,perclass_nta,SCE,0.3,akiec,0.47296078994663737
S,perclass_nta,SCE,0.3,vasc,0.5256589352807691
S,perclass_nta,SCE,0.3,df,0.5412428799270905
S,perclass_nta,ELR,0.3,nv,0.0
S,perclass_nta,ELR,0.3,bkl,0.1729593060077829
S,perclass_nta,ELR,0.3,mel,0.2768667485565338
S,perclass_nta,ELR,0.3,bcc,0.43207815973629565
S,perclass_nta,ELR,0.3,akiec,0.617551068321391
S,perclass_nta,ELR,0.3,vasc,0.5905014761611811
S,perclass_nta,ELR,0.3,df,0.616386268702058
S,perclass_nta,AsyCo,0.3,nv,0.0002766923160074671
S,perclass_nta,AsyCo,0.3,bkl,0.0635020449023777
S,perclass_nta,AsyCo,0.3,mel,0.35734646853685403
S,perclass_nta,AsyCo,0.3,bcc,0.3661960701287595
S,perclass_nta,AsyCo,0.3,akiec,0.8099926260462098
S,perclass_nta,AsyCo,0.3,vasc,0.9126697395782088
S,perclass_nta,AsyCo,0.3,df,0.5502336902863219
S,perclass_nta,baseline,0.4,nv,0.00010217530306786894
S,perclass_nta,baseline,0.4,bkl,0.17399742307640043
S,perclass_nta,baseline,0.4,mel,0.2042163200658324
S,perclass_nta,baseline,0.4,bcc,0.4626805009097355
S,perclass_nta,baseline,0.4,akiec,0.6342752639574882
S,perclass_nta,baseline,0.4,vasc,0.5986657387534403
S,perclass_nta,baseline,0.4,df,0.5259047989681824
S,perclass_nta,SCE,0.4,nv,0.12943413285090943
S,perclass_nta,SCE,0.4,bkl,0.297579710265023
S,perclass_nta,SCE,0.4,mel,0.344689899699946
S,perclass_nta,SCE,0.4,bcc,0.443768473497325
S,perclass_nta,SCE,0.4,akiec,0.519646669592027
S,perclass_nta,SCE,0.4,vasc,0.5747494296291136
S,perclass_nta,SCE,0.4,df,0.4674429421301423
S,perclass_nta,ELR,0.4,nv,0.0
S,perclass_nta,ELR,0.4,bkl,0.12636862206181673
S,perclass_nta,ELR,0.4,mel,0.18170486984043918
S,perclass_nta,ELR,0.4,bcc,0.4674700536311148
S,perclass_nta,ELR,0.4,akiec,0.6373767331787852
S,perclass_nta,ELR,0.4,vasc,0.5873739091850012
S,perclass_nta,ELR,0.4,df,0.5508426996415017
S,perclass_nta,AsyCo,0.4,nv,0.021784507723872394
S,perclass_nta,AsyCo,0.4,bkl,0.051741093269386654
S,perclass_nta,AsyCo,0.4,mel,0.3126285659913162
S,perclass_nta,AsyCo,0.4,bcc,0.4306915369737195
S,perclass_nta,AsyCo,0.4,akiec,0.7626800645329561
S,perclass_nta,AsyCo,0.4,vasc,0.846408222670046
S,perclass_nta,AsyCo,0.4,df,0.36790352347878125
S,perclass_nta,baseline,0.5,nv,0.0012376283070483465
S,perclass_nta,baseline,0.5,bkl,0.13232258951347137
S,perclass_nta,baseline,0.5,mel,0.14270722492052268
S,perclass_nta,baseline,0.5,bcc,0.4614391513641568
S,perclass_nta,baseline,0.5,akiec,0.6361369626909388
S,perclass_nta,baseline,0.5,vasc,0.5776992823271854
S,perclass_nta,baseline,0.5,df,0.5512786331376127
S,perclass_nta,SCE,0.5,nv,0.06023320641436123
S,perclass_nta,SCE,0.5,bkl,0.257783614583291
S,perclass_nta,SCE,0.5,mel,0.31922484945687807
S,perclass_nta,SCE,0.5,bcc,0.44951153736039096
S,perclass_nta,SCE,0.5,akiec,0.549684271628814
S,perclass_nta,SCE,0.5,vasc,0.5553906075207016
S,perclass_nta,SCE,0.5,df,0.5295835212262515
S,perclass_nta,ELR,0.5,nv,0.0002455657983463995
S,perclass_nta,ELR,0.5,bkl,0.09289599998380624
S,perclass_nta,ELR,0.5,mel,0.1270362277857458
S,perclass_nta,ELR,0.5,bcc,0.451157818707239
S,perclass_nta,ELR,0.5,akiec,0.6491316292832352
S,perclass_nta,ELR,0.5,vasc,0.5774166104437783
S,perclass_nta,ELR,0.5,df,0.5382733072248044
S,perclass_nta,AsyCo,0.5,nv,0.006288812422797961
S,perclass_nta,AsyCo,0.5,bkl,0.039428202697770594
S,perclass_nta,AsyCo,0.5,mel,0.26061807723216934
S,perclass_nta,AsyCo,0.5,bcc,0.4518467978463547
S,perclass_nta,AsyCo,0.5,akiec,0.7420170387569369
S,perclass_nta,AsyCo,0.5,vasc,0.8583872408190778
S,perclass_nta,AsyCo,0.5,df,0.3252854770215677
S,perclass_lnmr,baseline,0.1,nv,0.5002497677775335
S,perclass_lnmr,baseline,0.1,bkl,0.42621276182831236
S,perclass_lnmr,baseline,0.1,mel,0.32098064184203257
S,perclass_lnmr,baseline,0.1,bcc,0.42287599764383427
S,perclass_lnmr,baseline,0.1,akiec,0.2709561908007993
S,perclass_lnmr,baseline,0.1,vasc,0.43806765130294545
S,perclass_lnmr,baseline,0.1,df,0.2563888888888889
S,perclass_lnmr,SCE,0.1,nv,0.4138982232534293
S,perclass_lnmr,SCE,0.1,bkl,0.5360601702640173
S,perclass_lnmr,SCE,0.1,mel,0.4096510599762859
S,perclass_lnmr,SCE,0.1,bcc,0.49417875088789626
S,perclass_lnmr,SCE,0.1,akiec,0.39031375805028967
S,perclass_lnmr,SCE,0.1,vasc,0.4939932942874119
S,perclass_lnmr,SCE,0.1,df,0.30972222222222223
S,perclass_lnmr,ELR,0.1,nv,0.4655500038114756
S,perclass_lnmr,ELR,0.1,bkl,0.4450895833646533
S,perclass_lnmr,ELR,0.1,mel,0.2957706400192994
S,perclass_lnmr,ELR,0.1,bcc,0.4446428377165216
S,perclass_lnmr,ELR,0.1,akiec,0.26326477588357794
S,perclass_lnmr,ELR,0.1,vasc,0.44983235718529835
S,perclass_lnmr,ELR,0.1,df,0.23361111111111113
S,perclass_lnmr,AsyCo,0.1,nv,0.2603493341732378
S,perclass_lnmr,AsyCo,0.1,bkl,0.28995403695908556
S,perclass_lnmr,AsyCo,0.1,mel,0.12445001674191007
S,perclass_lnmr,AsyCo,0.1,bcc,0.1573727252186552
S,perclass_lnmr,AsyCo,0.1,akiec,0.10186810568788127
S,perclass_lnmr,AsyCo,0.1,vasc,0.029691876750700275
S,perclass_lnmr,AsyCo,0.1,df,0.02777777777777778
S,perclass_lnmr,baseline,0.2,nv,0.45815400919826166
S,perclass_lnmr,baseline,0.2,bkl,0.4018459609761618
S,perclass_lnmr,baseline,0.2,mel,0.35306488668816927
S,perclass_lnmr,baseline,0.2,bcc,0.4283329227687817
S,perclass_lnmr,baseline,0.2,akiec,0.2791479214097956
S,perclass_lnmr,baseline,0.2,vasc,0.4119292904041861
S,perclass_lnmr,baseline,0.2,df,0.2626480137509549
S,perclass_lnmr,SCE,0.2,nv,0.45631173521159063
S,perclass_lnmr,SCE,0.2,bkl,0.48890814529803056
S,perclass_lnmr,SCE,0.2,mel,0.4167008700591929
S,perclass_lnmr,SCE,0.2,bcc,0.46437102893045185
S,perclass_lnmr,SCE,0.2,akiec,0.45316496825867814
S,perclass_lnmr,SCE,0.2,vasc,0.44148665398480313
S,perclass_lnmr,SCE,0.2,df,0.32068372803666917
S,perclass_lnmr,ELR,0.2,nv,0.43239428716493455
S,perclass_lnmr,ELR,0.2,bkl,0.4288676932955986
S,perclass_lnmr,ELR,0.2,mel,0.3138750628005865
S,perclass_lnmr,ELR,0.2,bcc,0.4188989389649123
S,perclass_lnmr,ELR,0.2,akiec,0.27095380572659133
S,perclass_lnmr,ELR,0.2,vasc,0.42468457749232413
S,perclass_lnmr,ELR,0.2,df,0.26252864782276547
S,perclass_lnmr,AsyCo,0.2,nv,0.2595419746851666
S,perclass_lnmr,AsyCo,0.2,bkl,0.2651478412256748
S,perclass_lnmr,AsyCo,0.2,mel,0.15267324840386276
S,perclass_lnmr,AsyCo,0.2,bcc,0.2081790804512838
S,perclass_lnmr,AsyCo,0.2,akiec,0.09287223291459493
S,perclass_lnmr,AsyCo,0.2,vasc,0.02657004830917874
S,perclass_lnmr,AsyCo,0.2,df,0.12382066462948815
S,perclass_lnmr,baseline,0.3,nv,0.3967636087787847
S,perclass_lnmr,baseline,0.3,bkl,0.3762231110510078
S,perclass_lnmr,baseline,0.3,mel,0.3659001071587247
S,perclass_lnmr,baseline,0.3,bcc,0.42655552977817174
S,perclass_lnmr,baseline,0.3,akiec,0.267207091117054
S,perclass_lnmr,baseline,0.3,vasc,0.36840363563497747
S,perclass_lnmr,baseline,0.3,df,0.25962421204526465
S,perclass_lnmr,SCE,0.3,nv,0.4565369607649443
S,perclass_lnmr,SCE,0.3,bkl,0.46268767797631327
S,perclass_lnmr,SCE,0.3,mel,0.4360484254370296
S,perclass_lnmr,SCE,0.3,bcc,0.4606405681578619
S,perclass_lnmr,SCE,0.3,akiec,0.4149865221598009
S,perclass_lnmr,SCE,0.3,vasc,0.3868770808009393
S,perclass_lnmr,SCE,0.3,df,0.34037890179995445
S,perclass_lnmr,ELR,0.3,nv,0.3624484442111454
S,perclass_lnmr,ELR,0.3,bkl,0.38361931015925677
S,perclass_lnmr,ELR,0.3,mel,0.3566859985892429
S,perclass_lnmr,ELR,0.3,bcc,0.4213112124503013
S,perclass_lnmr,ELR,0.3,akiec,0.2725380337769649
S,perclass_lnmr,ELR,0.3,vasc,0.3477373325551017
S,perclass_lnmr,ELR,0.3,df,0.2501489329384066
S,perclass_lnmr,AsyCo,0.3,nv,0.23834363822240862
S,perclass_lnmr,AsyCo,0.3,bkl,0.2793431202161339
S,perclass_lnmr,AsyCo,0.3,mel,0.16486790127116455
S,perclass_lnmr,AsyCo,0.3,bcc,0.23166121266861134
S,perclass_lnmr,AsyCo,0.3,akiec,0.07507704033526424
S,perclass_lnmr,AsyCo,0.3,vasc,0.03992555443776428
S,perclass_lnmr,AsyCo,0.3,df,0.14395450748082328
S,perclass_lnmr,baseline,0.4,nv,0.3612609906540182
S,perclass_lnmr,baseline,0.4,bkl,0.3538344263321187
S,perclass_lnmr,baseline,0.4,mel,0.38648152099816835
S,perclass_lnmr,baseline,0.4,bcc,0.3750094637438667
S,perclass_lnmr,baseline,0.4,akiec,0.24342233658129864
S,perclass_lnmr,baseline,0.4,vasc,0.3253847472966721
S,perclass_lnmr,baseline,0.4,df,0.33252040092479695
S,perclass_lnmr,SCE,0.4,nv,0.4953052608115889
S,perclass_lnmr,SCE,0.4,bkl,0.4274388977081583
S,perclass_lnmr,SCE,0.4,mel,0.4538078370226925
S,perclass_lnmr,SCE,0.4,bcc,0.4013177154219581
S,perclass_lnmr,SCE,0.4,akiec,0.35538482031173974
S,perclass_lnmr,SCE,0.4,vasc,0.35520038638892054
S,perclass_lnmr,SCE,0.4,df,0.3729490665203146
S,perclass_lnmr,ELR,0.4,nv,0.3243290761748554
S,perclass_lnmr,ELR,0.4,bkl,0.3708389317335531
S,perclass_lnmr,ELR,0.4,mel,0.3550481013794359
S,perclass_lnmr,ELR,0.4,bcc,0.37970330805692126
S,perclass_lnmr,ELR,0.4,akiec,0.23887074608208528
S,perclass_lnmr,ELR,0.4,vasc,0.34134651150563394
S,perclass_lnmr,ELR,0.4,df,0.3182812951192767
S,perclass_lnmr,AsyCo,0.4,nv,0.23222069993681962
S,perclass_lnmr,AsyCo,0.4,bkl,0.2716715985686886
S,perclass_lnmr,AsyCo,0.4,mel,0.16641960006477197
S,perclass_lnmr,AsyCo,0.4,bcc,0.2081329462026174
S,perclass_lnmr,AsyCo,0.4,akiec,0.10126574509213015
S,perclass_lnmr,AsyCo,0.4,vasc,0.04864242777603511
S,perclass_lnmr,AsyCo,0.4,df,0.23368039794006035
S,perclass_lnmr,baseline,0.5,nv,0.3109719147693589
S,perclass_lnmr,baseline,0.5,bkl,0.34066717015493453
S,perclass_lnmr,baseline,0.5,mel,0.36863525785495016
S,perclass_lnmr,baseline,0.5,bcc,0.3499973423838696
S,perclass_lnmr,baseline,0.5,akiec,0.21345881027357425
S,perclass_lnmr,baseline,0.5,vasc,0.3138774806402247
S,perclass_lnmr,baseline,0.5,df,0.2924084406815211
S,perclass_lnmr,SCE,0.5,nv,0.5060740706882129
S,perclass_lnmr,SCE,0.5,bkl,0.4031227167755512
S,perclass_lnmr,SCE,0.5,mel,0.4378770550515275
S,perclass_lnmr,SCE,0.5,bcc,0.3774632899362245
S,perclass_lnmr,SCE,0.5,akiec,0.31576060838747827
S,perclass_lnmr,SCE,0.5,vasc,0.33574745463785827
S,perclass_lnmr,SCE,0.5,df,0.3167728166443374
S,perclass_lnmr,ELR,0.5,nv,0.2825075739171305
S,perclass_lnmr,ELR,0.5,bkl,0.3363633770293527
S,perclass_lnmr,ELR,0.5,mel,0.3435644323575665
S,perclass_lnmr,ELR,0.5,bcc,0.3533997216542314
S,perclass_lnmr,ELR,0.5,akiec,0.21492208923087924
S,perclass_lnmr,ELR,0.5,vasc,0.3276055492619104
S,perclass_lnmr,ELR,0.5,df,0.3067597991110717
S,perclass_lnmr,AsyCo,0.5,nv,0.2171733008194429
S,perclass_lnmr,AsyCo,0.5,bkl,0.25467638470917386
S,perclass_lnmr,AsyCo,0.5,mel,0.15524456297344744
S,perclass_lnmr,AsyCo,0.5,bcc,0.1978366850394707
S,perclass_lnmr,AsyCo,0.5,akiec,0.09713236410848182
S,perclass_lnmr,AsyCo,0.5,vasc,0.0689693738458284
S,perclass_lnmr,AsyCo,0.5,df,0.2098009771449909
SP,perclass_f1,baseline,0.0,nv,0.7623853610452878
SP,perclass_f1,baseline,0.0,bkl,0.5585845244918742
SP,perclass_f1,baseline,0.0,mel,0.395214267110199
SP,perclass_f1,baseline,0.0,bcc,0.641457793782299
SP,perclass_f1,baseline,0.0,akiec,0.4599703597850608
SP,perclass_f1,baseline,0.0,vasc,0.6565164352642815
SP,perclass_f1,baseline,0.0,df,0.3660954429202511
SP,perclass_f1,SCE,0.0,nv,0.9148619299595137
SP,perclass_f1,SCE,0.0,bkl,0.7185246459449286
SP,perclass_f1,SCE,0.0,mel,0.5400252432041789
SP,perclass_f1,SCE,0.0,bcc,0.7778584684071495
SP,perclass_f1,SCE,0.0,akiec,0.590806390006554
SP,perclass_f1,SCE,0.0,vasc,0.8289711170509394
SP,perclass_f1,SCE,0.0,df,0.6460133725923201
SP,perclass_f1,ELR,0.0,nv,0.00036900369003690036
SP,perclass_f1,ELR,0.0,bkl,0.625604240995631
SP,perclass_f1,ELR,0.0,mel,0.35928519324705427
SP,perclass_f1,ELR,0.0,bcc,0.6908203971967576
SP,perclass_f1,ELR,0.0,akiec,0.5410907528608624
SP,perclass_f1,ELR,0.0,vasc,0.7659459273041617
SP,perclass_f1,ELR,0.0,df,0.030491388865933593
SP,perclass_f1,AsyCo,0.0,nv,0.7565798015365375
SP,perclass_f1,AsyCo,0.0,bkl,0.4347752235347736
SP,perclass_f1,AsyCo,0.0,mel,0.3793012757681648
SP,perclass_f1,AsyCo,0.0,bcc,0.5884313808109427
SP,perclass_f1,AsyCo,0.0,akiec,0.44399602621951917
SP,perclass_f1,AsyCo,0.0,vasc,0.3138354888721409
SP,perclass_f1,AsyCo,0.0,df,0.12650012585295375
SP,perclass_f1,baseline,0.1,nv,0.08500696388914233
SP,perclass_f1,baseline,0.1,bkl,0.39876256077988986
SP,perclass_f1,baseline,0.1,mel,0.22331627294968337
SP,perclass_f1,baseline,0.1,bcc,0.47453128807291545
SP,perclass_f1,baseline,0.1,akiec,0.4008940948544947
SP,perclass_f1,baseline,0.1,vasc,0.23640949888749407
SP,perclass_f1,baseline,0.1,df,0.18959081714395562
SP,perclass_f1,SCE,0.1,nv,0.8534622318628221
SP,perclass_f1,SCE,0.1,bkl,0.6190559221271786
SP,perclass_f1,SCE,0.1,mel,0.44405283188648764
SP,perclass_f1,SCE,0.1,bcc,0.6762594791314772
SP,perclass_f1,SCE,0.1,akiec,0.5099456802060249
SP,perclass_f1,SCE,0.1,vasc,0.602211015951534
SP,perclass_f1,SCE,0.1,df,0.42190083074464413
SP,perclass_f1,ELR,0.1,nv,0.0007393715341959334
SP,perclass_f1,ELR,0.1,bkl,0.4990838744903404
SP,perclass_f1,ELR,0.1,mel,0.22724230185920719
SP,perclass_f1,ELR,0.1,bcc,0.5009850119094706
SP,perclass_f1,ELR,0.1,akiec,0.3874809961480322
SP,perclass_f1,ELR,0.1,vasc,0.16210720455911548
SP,perclass_f1,ELR,0.1,df,0.14590097830136
SP,perclass_f1,AsyCo,0.1,nv,0.14983536782515333
SP,perclass_f1,AsyCo,0.1,bkl,0.348955053864915
SP,perclass_f1,AsyCo,0.1,mel,0.26943952853275943
SP,perclass_f1,AsyCo,0.1,bcc,0.5112968396767925
SP,perclass_f1,AsyCo,0.1,akiec,0.3434743016437129
SP,perclass_f1,AsyCo,0.1,vasc,0.09013518490096094
SP,perclass_f1,AsyCo,0.1,df,0.07580691428279798
SP,perclass_f1,baseline,0.2,nv,0.047149093729576416
SP,perclass_f1,baseline,0.2,bkl,0.35356965365437604
SP,perclass_f1,baseline,0.2,mel,0.21217158611439868
SP,perclass_f1,baseline,0.2,bcc,0.4753499330593024
SP,perclass_f1,baseline,0.2,akiec,0.3799416715807666
SP,perclass_f1,baseline,0.2,vasc,0.24429952071780306
SP,perclass_f1,baseline,0.2,df,0.1647915927313371
SP,perclass_f1,SCE,0.2,nv,0.7740898815586186
SP,perclass_f1,SCE,0.2,bkl,0.5676467594662394
SP,perclass_f1,SCE,0.2,mel,0.3716922108812753
SP,perclass_f1,SCE,0.2,bcc,0.6027604802563146
SP,perclass_f1,SCE,0.2,akiec,0.5015753982019042
SP,perclass_f1,SCE,0.2,vasc,0.48022902202058954
SP,perclass_f1,SCE,0.2,df,0.3155333201793157
SP,perclass_f1,ELR,0.2,nv,0.002580992160346946
SP,perclass_f1,ELR,0.2,bkl,0.4439807628235612
SP,perclass_f1,ELR,0.2,mel,0.22183505456244026
SP,perclass_f1,ELR,0.2,bcc,0.46107165046265175
SP,perclass_f1,ELR,0.2,akiec,0.36551889864554526
SP,perclass_f1,ELR,0.2,vasc,0.16149457374326165
SP,perclass_f1,ELR,0.2,df,0.13655111029099384
SP,perclass_f1,AsyCo,0.2,nv,0.0621608609254235
SP,perclass_f1,AsyCo,0.2,bkl,0.3134456854160517
SP,perclass_f1,AsyCo,0.2,mel,0.22688239401635593
SP,perclass_f1,AsyCo,0.2,bcc,0.48892323235477964
SP,perclass_f1,AsyCo,0.2,akiec,0.30578871493203696
SP,perclass_f1,AsyCo,0.2,vasc,0.1004638726905808
SP,perclass_f1,AsyCo,0.2,df,0.0721065415060102
SP,perclass_f1,baseline,0.3,nv,0.047451893277609895
SP,perclass_f1,baseline,0.3,bkl,0.3405700503474134
SP,perclass_f1,baseline,0.3,mel,0.19571520939646408
SP,perclass_f1,baseline,0.3,bcc,0.40901193620360815
SP,perclass_f1,baseline,0.3,akiec,0.35580744637561135
SP,perclass_f1,baseline,0.3,vasc,0.1860712167397945
SP,perclass_f1,baseline,0.3,df,0.1502140177731514
SP,perclass_f1,SCE,0.3,nv,0.6830921248182973
SP,perclass_f1,SCE,0.3,bkl,0.49165982256873697
SP,perclass_f1,SCE,0.3,mel,0.3078498243988643
SP,perclass_f1,SCE,0.3,bcc,0.5163746685797393
SP,perclass_f1,SCE,0.3,akiec,0.4286251990544313
SP,perclass_f1,SCE,0.3,vasc,0.3556253270538985
SP,perclass_f1,SCE,0.3,df,0.25375361208244224
SP,perclass_f1,ELR,0.3,nv,0.0003696857670979667
SP,perclass_f1,ELR,0.3,bkl,0.3837097226374827
SP,perclass_f1,ELR,0.3,mel,0.20522288611575737
SP,perclass_f1,ELR,0.3,bcc,0.409904224814955
SP,perclass_f1,ELR,0.3,akiec,0.33548735209305625
SP,perclass_f1,ELR,0.3,vasc,0.1379137755011341
SP,perclass_f1,ELR,0.3,df,0.14526610834458464
SP,perclass_f1,AsyCo,0.3,nv,0.039427500950289615
SP,perclass_f1,AsyCo,0.3,bkl,0.22559435908319578
SP,perclass_f1,AsyCo,0.3,mel,0.20825227260406226
SP,perclass_f1,AsyCo,0.3,bcc,0.43610906266834515
SP,perclass_f1,AsyCo,0.3,akiec,0.2954698946876623
SP,perclass_f1,AsyCo,0.3,vasc,0.06655637250761257
SP,perclass_f1,AsyCo,0.3,df,0.06570465145186302
SP,perclass_f1,baseline,0.4,nv,0.04067490457295233
SP,perclass_f1,baseline,0.4,bkl,0.31919671144019557
SP,perclass_f1,baseline,0.4,mel,0.17494069188347344
SP,perclass_f1,baseline,0.4,bcc,0.3899615744250392
SP,perclass_f1,baseline,0.4,akiec,0.30060187851363884
SP,perclass_f1,baseline,0.4,vasc,0.1784352495257867
SP,perclass_f1,baseline,0.4,df,0.12016327800436963
SP,perclass_f1,SCE,0.4,nv,0.5602895774020353
SP,perclass_f1,SCE,0.4,bkl,0.4273684544420277
SP,perclass_f1,SCE,0.4,mel,0.26300073785025596
SP,perclass_f1,SCE,0.4,bcc,0.5000225146615724
SP,perclass_f1,SCE,0.4,akiec,0.41496685811722955
SP,perclass_f1,SCE,0.4,vasc,0.3057009077494621
SP,perclass_f1,SCE,0.4,df,0.19208707768447006
SP,perclass_f1,ELR,0.4,nv,0.0
SP,perclass_f1,ELR,0.4,bkl,0.33764979175104004
SP,perclass_f1,ELR,0.4,mel,0.16549475444539202
SP,perclass_f1,ELR,0.4,bcc,0.3704859637749089
SP,perclass_f1,ELR,0.4,akiec,0.2751977243711782
SP,perclass_f1,ELR,0.4,vasc,0.11899268161259144
SP,perclass_f1,ELR,0.4,df,0.10629725053899093
SP,perclass_f1,AsyCo,0.4,nv,0.09703265151699976
SP,perclass_f1,AsyCo,0.4,bkl,0.27371128420209334
SP,perclass_f1,AsyCo,0.4,mel,0.21233180621320108
SP,perclass_f1,AsyCo,0.4,bcc,0.4800340854476942
SP,perclass_f1,AsyCo,0.4,akiec,0.3079042504880193
SP,perclass_f1,AsyCo,0.4,vasc,0.08121485351773958
SP,perclass_f1,AsyCo,0.4,df,0.07788182016986457
SP,perclass_f1,baseline,0.5,nv,0.09153036182690982
SP,perclass_f1,baseline,0.5,bkl,0.28208067737895315
SP,perclass_f1,baseline,0.5,mel,0.16723003536471734
SP,perclass_f1,baseline,0.5,bcc,0.3672584283947836
SP,perclass_f1,baseline,0.5,akiec,0.30087362143115004
SP,perclass_f1,baseline,0.5,vasc,0.16360250378292757
SP,perclass_f1,baseline,0.5,df,0.1055882121965775
SP,perclass_f1,SCE,0.5,nv,0.478065873162242
SP,perclass_f1,SCE,0.5,bkl,0.38586926611735906
SP,perclass_f1,SCE,0.5,mel,0.2242012052972015
SP,perclass_f1,SCE,0.5,bcc,0.448719952372408
SP,perclass_f1,SCE,0.5,akiec,0.37985537193406416
SP,perclass_f1,SCE,0.5,vasc,0.22541941718348593
SP,perclass_f1,SCE,0.5,df,0.12993526716653686
SP,perclass_f1,ELR,0.5,nv,0.003321043259349577
SP,perclass_f1,ELR,0.5,bkl,0.3070973005511085
SP,perclass_f1,ELR,0.5,mel,0.15384929926717247
SP,perclass_f1,ELR,0.5,bcc,0.36387008669070064
SP,perclass_f1,ELR,0.5,akiec,0.27593355340684134
SP,perclass_f1,ELR,0.5,vasc,0.12036742247865669
SP,perclass_f1,ELR,0.5,df,0.09442944954261182
SP,perclass_f1,AsyCo,0.5,nv,0.049917472808501104
SP,perclass_f1,AsyCo,0.5,bkl,0.19508263904858605
SP,perclass_f1,AsyCo,0.5,mel,0.170736796259584
SP,perclass_f1,AsyCo,0.5,bcc,0.408325107075085
SP,perclass_f1,AsyCo,0.5,akiec,0.27349321660668685
SP,perclass_f1,AsyCo,0.5,vasc,0.07499031745954958
SP,perclass_f1,AsyCo,0.5,df,0.07334404165018914
SP,perclass_nta,baseline,0.1,nv,0.020610795352094476
SP,perclass_nta,baseline,0.1,bkl,0.3634016107560531
SP,perclass_nta,baseline,0.1,mel,0.43302838642090835
SP,perclass_nta,baseline,0.1,bcc,0.30296799319552653
SP,perclass_nta,baseline,0.1,akiec,0.37121015832062776
SP,perclass_nta,baseline,0.1,vasc,0.2959528053645701
SP,perclass_nta,baseline,0.1,df,0.29833333333333334
SP,perclass_nta,SCE,0.1,nv,0.4316889314402175
SP,perclass_nta,SCE,0.1,bkl,0.2931963063942682
SP,perclass_nta,SCE,0.1,mel,0.3451373236412334
SP,perclass_nta,SCE,0.1,bcc,0.32399686137934663
SP,perclass_nta,SCE,0.1,akiec,0.3418087554429028
SP,perclass_nta,SCE,0.1,vasc,0.3300437144554792
SP,perclass_nta,SCE,0.1,df,0.4375
SP,perclass_nta,ELR,0.1,nv,0.00016
SP,perclass_nta,ELR,0.1,bkl,0.34002804506394335
SP,perclass_nta,ELR,0.1,mel,0.5371470220932562
SP,perclass_nta,ELR,0.1,bcc,0.3854599590160487
SP,perclass_nta,ELR,0.1,akiec,0.45476060154465403
SP,perclass_nta,ELR,0.1,vasc,0.34942746795687973
SP,perclass_nta,ELR,0.1,df,0.4180555555555555
SP,perclass_nta,AsyCo,0.1,nv,0.08484368009582721
SP,perclass_nta,AsyCo,0.1,bkl,0.29681134900393846
SP,perclass_nta,AsyCo,0.1,mel,0.3566522594486035
SP,perclass_nta,AsyCo,0.1,bcc,0.5241111611146446
SP,perclass_nta,AsyCo,0.1,akiec,0.6978501275756452
SP,perclass_nta,AsyCo,0.1,vasc,0.7560117986588575
SP,perclass_nta,AsyCo,0.1,df,0.8044444444444444
SP,perclass_nta,baseline,0.2,nv,0.00821218162595437
SP,perclass_nta,baseline,0.2,bkl,0.4234397581402602
SP,perclass_nta,baseline,0.2,mel,0.3979705764528056
SP,perclass_nta,baseline,0.2,bcc,0.293526892328813
SP,perclass_nta,baseline,0.2,akiec,0.3279939634548107
SP,perclass_nta,baseline,0.2,vasc,0.34214712384503065
SP,perclass_nta,baseline,0.2,df,0.3315603514132926
SP,perclass_nta,SCE,0.2,nv,0.3206713974894508
SP,perclass_nta,SCE,0.2,bkl,0.3313189712938637
SP,perclass_nta,SCE,0.2,mel,0.31648226423382236
SP,perclass_nta,SCE,0.2,bcc,0.3123964848673112
SP,perclass_nta,SCE,0.2,akiec,0.2708373971031224
SP,perclass_nta,SCE,0.2,vasc,0.37756960311341786
SP,perclass_nta,SCE,0.2,df,0.29190699006875476
SP,perclass_nta,ELR,0.2,nv,0.00019831437695659696
SP,perclass_nta,ELR,0.2,bkl,0.40807147618840584
SP,perclass_nta,ELR,0.2,mel,0.4854814363221343
SP,perclass_nta,ELR,0.2,bcc,0.3809379017772199
SP,perclass_nta,ELR,0.2,akiec,0.3909012294301127
SP,perclass_nta,ELR,0.2,vasc,0.39482970412351887
SP,perclass_nta,ELR,0.2,df,0.3479087089381207
SP,perclass_nta,AsyCo,0.2,nv,0.03262466920693514
SP,perclass_nta,AsyCo,0.2,bkl,0.2705270405772558
SP,perclass_nta,AsyCo,0.2,mel,0.4099618084454627
SP,perclass_nta,AsyCo,0.2,bcc,0.5566112571026413
SP,perclass_nta,AsyCo,0.2,akiec,0.6461313559978514
SP,perclass_nta,AsyCo,0.2,vasc,0.8104150311743863
SP,perclass_nta,AsyCo,0.2,df,0.8270769671504965
SP,perclass_nta,baseline,0.3,nv,0.011806366113221858
SP,perclass_nta,baseline,0.3,bkl,0.42413655783208987
SP,perclass_nta,baseline,0.3,mel,0.35380406832060024
SP,perclass_nta,baseline,0.3,bcc,0.29394946552230095
SP,perclass_nta,baseline,0.3,akiec,0.3550719596366334
SP,perclass_nta,baseline,0.3,vasc,0.3661435336324286
SP,perclass_nta,baseline,0.3,df,0.3112676387939546
SP,perclass_nta,SCE,0.3,nv,0.25409297700119693
SP,perclass_nta,SCE,0.3,bkl,0.3282254462172306
SP,perclass_nta,SCE,0.3,mel,0.3177530785211788
SP,perclass_nta,SCE,0.3,bcc,0.27982888872107775
SP,perclass_nta,SCE,0.3,akiec,0.26941290283369
SP,perclass_nta,SCE,0.3,vasc,0.3743307215510742
SP,perclass_nta,SCE,0.3,df,0.29788038277511963
SP,perclass_nta,ELR,0.3,nv,0.0004814152093227383
SP,perclass_nta,ELR,0.3,bkl,0.39932674949491076
SP,perclass_nta,ELR,0.3,mel,0.37579391034917253
SP,perclass_nta,ELR,0.3,bcc,0.3421480153282775
SP,perclass_nta,ELR,0.3,akiec,0.4260648650128518
SP,perclass_nta,ELR,0.3,vasc,0.38228257545605454
SP,perclass_nta,ELR,0.3,df,0.39759482038429417
SP,perclass_nta,AsyCo,0.3,nv,0.020794579675014063
SP,perclass_nta,AsyCo,0.3,bkl,0.18094202821327066
SP,perclass_nta,AsyCo,0.3,mel,0.26739942199468636
SP,perclass_nta,AsyCo,0.3,bcc,0.5095967410246536
SP,perclass_nta,AsyCo,0.3,akiec,0.6913691769087591
SP,perclass_nta,AsyCo,0.3,vasc,0.8406760998774588
SP,perclass_nta,AsyCo,0.3,df,0.7611901724006988
SP,perclass_nta,baseline,0.4,nv,0.014709330321462388
SP,perclass_nta,baseline,0.4,bkl,0.4402145718315971
SP,perclass_nta,baseline,0.4,mel,0.3011295140834155
SP,perclass_nta,baseline,0.4,bcc,0.3061645083358461
SP,perclass_nta,baseline,0.4,akiec,0.38950704814757214
SP,perclass_nta,baseline,0.4,vasc,0.3600550979535714
SP,perclass_nta,baseline,0.4,df,0.3068929215594051
SP,perclass_nta,SCE,0.4,nv,0.1832035460758918
SP,perclass_nta,SCE,0.4,bkl,0.3496126024276926
SP,perclass_nta,SCE,0.4,mel,0.2773692334668166
SP,perclass_nta,SCE,0.4,bcc,0.3083236541791653
SP,perclass_nta,SCE,0.4,akiec,0.3099961267211363
SP,perclass_nta,SCE,0.4,vasc,0.3796978351943122
SP,perclass_nta,SCE,0.4,df,0.255147117537251
SP,perclass_nta,ELR,0.4,nv,0.00030858023941178497
SP,perclass_nta,ELR,0.4,bkl,0.3925945203101797
SP,perclass_nta,ELR,0.4,mel,0.2712140227497202
SP,perclass_nta,ELR,0.4,bcc,0.38133505810489676
SP,perclass_nta,ELR,0.4,akiec,0.48137459327505205
SP,perclass_nta,ELR,0.4,vasc,0.4274497424188361
SP,perclass_nta,ELR,0.4,df,0.3549657306792746
SP,perclass_nta,AsyCo,0.4,nv,0.05495230375677995
SP,perclass_nta,AsyCo,0.4,bkl,0.20602343595061662
SP,perclass_nta,AsyCo,0.4,mel,0.3333464363718151
SP,perclass_nta,AsyCo,0.4,bcc,0.6162236229497609
SP,perclass_nta,AsyCo,0.4,akiec,0.71637295642709
SP,perclass_nta,AsyCo,0.4,vasc,0.8257800659021969
SP,perclass_nta,AsyCo,0.4,df,0.7395578226025641
SP,perclass_nta,baseline,0.5,nv,0.03681726470564703
SP,perclass_nta,baseline,0.5,bkl,0.4292089899734396
SP,perclass_nta,baseline,0.5,mel,0.24703727558886007
SP,perclass_nta,baseline,0.5,bcc,0.3064729511278726
SP,perclass_nta,baseline,0.5,akiec,0.37969898924625733
SP,perclass_nta,baseline,0.5,vasc,0.3257319002332148
SP,perclass_nta,baseline,0.5,df,0.3163848301247609
SP,perclass_nta,SCE,0.5,nv,0.15361723074389616
SP,perclass_nta,SCE,0.5,bkl,0.34543000815207336
SP,perclass_nta,SCE,0.5,mel,0.2473919830278682
SP,perclass_nta,SCE,0.5,bcc,0.30401374820972793
SP,perclass_nta,SCE,0.5,akiec,0.32926360982975494
SP,perclass_nta,SCE,0.5,vasc,0.32755996629809864
SP,perclass_nta,SCE,0.5,df,0.30382070652325416
SP,perclass_nta,ELR,0.5,nv,0.000697356728557188
SP,perclass_nta,ELR,0.5,bkl,0.3814077863347367
SP,perclass_nta,ELR,0.5,mel,0.22568340561276976
SP,perclass_nta,ELR,0.5,bcc,0.37047077758362257
SP,perclass_nta,ELR,0.5,akiec,0.4867702716989646
SP,perclass_nta,ELR,0.5,vasc,0.38261193614582284
SP,perclass_nta,ELR,0.5,df,0.3855994563178334
SP,perclass_nta,AsyCo,0.5,nv,0.027745577144489487
SP,perclass_nta,AsyCo,0.5,bkl,0.18076582308267677
SP,perclass_nta,AsyCo,0.5,mel,0.26001081552247013
SP,perclass_nta,AsyCo,0.5,bcc,0.5886855807571336
SP,perclass_nta,AsyCo,0.5,akiec,0.7380202431954153
SP,perclass_nta,AsyCo,0.5,vasc,0.8005933134141665
SP,perclass_nta,AsyCo,0.5,df,0.6779554321993359
SP,perclass_lnmr,baseline,0.1,nv,0.8281585023115359
SP,perclass_lnmr,baseline,0.1,bkl,0.5922506191623539
SP,perclass_lnmr,baseline,0.1,mel,0.5186582493489043
SP,perclass_lnmr,baseline,0.1,bcc,0.6481949009596951
SP,perclass_lnmr,baseline,0.1,akiec,0.5616285196498876
SP,perclass_lnmr,baseline,0.1,vasc,0.67904719463543
SP,perclass_lnmr,baseline,0.1,df,0.5347222222222221
SP,perclass_lnmr,SCE,0.1,nv,0.5419206100197189
SP,perclass_lnmr,SCE,0.1,bkl,0.6728230485187454
SP,perclass_lnmr,SCE,0.1,mel,0.6138934253199823
SP,perclass_lnmr,SCE,0.1,bcc,0.642132939481912
SP,perclass_lnmr,SCE,0.1,akiec,0.6156323918208251
SP,perclass_lnmr,SCE,0.1,vasc,0.6549830235124352
SP,perclass_lnmr,SCE,0.1,df,0.486388888888889
SP,perclass_lnmr,ELR,0.1,nv,0.7262593717885412
SP,perclass_lnmr,ELR,0.1,bkl,0.5695851530676433
SP,perclass_lnmr,ELR,0.1,mel,0.4042278339590043
SP,perclass_lnmr,ELR,0.1,bcc,0.5689698160275372
SP,perclass_lnmr,ELR,0.1,akiec,0.4687361768315072
SP,perclass_lnmr,ELR,0.1,vasc,0.586286817757406
SP,perclass_lnmr,ELR,0.1,df,0.4488888888888889
SP,perclass_lnmr,AsyCo,0.1,nv,0.3376209778214276
SP,perclass_lnmr,AsyCo,0.1,bkl,0.35024388230186493
SP,perclass_lnmr,AsyCo,0.1,mel,0.2709543968995713
SP,perclass_lnmr,AsyCo,0.1,bcc,0.27549610986973183
SP,perclass_lnmr,AsyCo,0.1,akiec,0.19611568490146988
SP,perclass_lnmr,AsyCo,0.1,vasc,0.17601434513199216
SP,perclass_lnmr,AsyCo,0.1,df,0.14694444444444443
SP,perclass_lnmr,baseline,0.2,nv,0.8163232581698738
SP,perclass_lnmr,baseline,0.2,bkl,0.5097450136743537
SP,perclass_lnmr,baseline,0.2,mel,0.5446194825701226
SP,perclass_lnmr,baseline,0.2,bcc,0.6270005797346041
SP,perclass_lnmr,baseline,0.2,akiec,0.609177039696937
SP,perclass_lnmr,baseline,0.2,vasc,0.5939839353673652
SP,perclass_lnmr,baseline,0.2,df,0.587433155080214
SP,perclass_lnmr,SCE,0.2,nv,0.6366052786867192
SP,perclass_lnmr,SCE,0.2,bkl,0.6285622321113713
SP,perclass_lnmr,SCE,0.2,mel,0.6418445189797863
SP,perclass_lnmr,SCE,0.2,bcc,0.6398069768740738
SP,perclass_lnmr,SCE,0.2,akiec,0.67198229228011
SP,perclass_lnmr,SCE,0.2,vasc,0.5743678161924225
SP,perclass_lnmr,SCE,0.2,df,0.6513177998472115
SP,perclass_lnmr,ELR,0.2,nv,0.75261536138177
SP,perclass_lnmr,ELR,0.2,bkl,0.5042919536624701
SP,perclass_lnmr,ELR,0.2,mel,0.4549055201754563
SP,perclass_lnmr,ELR,0.2,bcc,0.548507575711535
SP,perclass_lnmr,ELR,0.2,akiec,0.5476328824005332
SP,perclass_lnmr,ELR,0.2,vasc,0.5552073904244452
SP,perclass_lnmr,ELR,0.2,df,0.5171504965622613
SP,perclass_lnmr,AsyCo,0.2,nv,0.3769454463451195
SP,perclass_lnmr,AsyCo,0.2,bkl,0.3208966337212392
SP,perclass_lnmr,AsyCo,0.2,mel,0.27521143980583307
SP,perclass_lnmr,AsyCo,0.2,bcc,0.23606687331145482
SP,perclass_lnmr,AsyCo,0.2,akiec,0.17662245140165553
SP,perclass_lnmr,AsyCo,0.2,vasc,0.1435559176170295
SP,perclass_lnmr,AsyCo,0.2,df,0.10048223834988541
SP,perclass_lnmr,baseline,0.3,nv,0.7562168960674466
SP,perclass_lnmr,baseline,0.3,bkl,0.48409145658734865
SP,perclass_lnmr,baseline,0.3,mel,0.555901613113065
SP,perclass_lnmr,baseline,0.3,bcc,0.6125534863718097
SP,perclass_lnmr,baseline,0.3,akiec,0.5508060951609581
SP,perclass_lnmr,baseline,0.3,vasc,0.5593830073106881
SP,perclass_lnmr,baseline,0.3,df,0.5762011847801322
SP,perclass_lnmr,SCE,0.3,nv,0.6853009824739258
SP,perclass_lnmr,SCE,0.3,bkl,0.6125919518592011
SP,perclass_lnmr,SCE,0.3,mel,0.6432229358827083
SP,perclass_lnmr,SCE,0.3,bcc,0.6433998135135633
SP,perclass_lnmr,SCE,0.3,akiec,0.652083216018337
SP,perclass_lnmr,SCE,0.3,vasc,0.5638550884969857
SP,perclass_lnmr,SCE,0.3,df,0.6247673729778993
SP,perclass_lnmr,ELR,0.3,nv,0.707417576057226
SP,perclass_lnmr,ELR,0.3,bkl,0.4693419894445795
SP,perclass_lnmr,ELR,0.3,mel,0.5186845102316686
SP,perclass_lnmr,ELR,0.3,bcc,0.5803227313287829
SP,perclass_lnmr,ELR,0.3,akiec,0.5138355998646296
SP,perclass_lnmr,ELR,0.3,vasc,0.5413616536150665
SP,perclass_lnmr,ELR,0.3,df,0.48436356041619194
SP,perclass_lnmr,AsyCo,0.3,nv,0.27740489543615615
SP,perclass_lnmr,AsyCo,0.3,bkl,0.29926805698418985
SP,perclass_lnmr,AsyCo,0.3,mel,0.25294810063086814
SP,perclass_lnmr,AsyCo,0.3,bcc,0.2553178432084656
SP,perclass_lnmr,AsyCo,0.3,akiec,0.15344344502909082
SP,perclass_lnmr,AsyCo,0.3,vasc,0.12411976402163968
SP,perclass_lnmr,AsyCo,0.3,df,0.1230544543176122
SP,perclass_lnmr,baseline,0.4,nv,0.7027676093092698
SP,perclass_lnmr,baseline,0.4,bkl,0.4437488663593994
SP,perclass_lnmr,baseline,0.4,mel,0.5828738711563647
SP,perclass_lnmr,baseline,0.4,bcc,0.5838112479415897
SP,perclass_lnmr,baseline,0.4,akiec,0.5035917250635469
SP,perclass_lnmr,baseline,0.4,vasc,0.5159223448310669
SP,perclass_lnmr,baseline,0.4,df,0.5503882231681745
SP,perclass_lnmr,SCE,0.4,nv,0.7254152577862836
SP,perclass_lnmr,SCE,0.4,bkl,0.5773315552942624
SP,perclass_lnmr,SCE,0.4,mel,0.6683699850830005
SP,perclass_lnmr,SCE,0.4,bcc,0.6208663427104969
SP,perclass_lnmr,SCE,0.4,akiec,0.5992059739621235
SP,perclass_lnmr,SCE,0.4,vasc,0.54701498325332
SP,perclass_lnmr,SCE,0.4,df,0.6168761556309187
SP,perclass_lnmr,ELR,0.4,nv,0.6055566380403399
SP,perclass_lnmr,ELR,0.4,bkl,0.43135819770342304
SP,perclass_lnmr,ELR,0.4,mel,0.5560094153869974
SP,perclass_lnmr,ELR,0.4,bcc,0.5346608900291383
SP,perclass_lnmr,ELR,0.4,akiec,0.4334893713339965
SP,perclass_lnmr,ELR,0.4,vasc,0.48401655455269205
SP,perclass_lnmr,ELR,0.4,df,0.5014484934716192
SP,perclass_lnmr,AsyCo,0.4,nv,0.32886236707145045
SP,perclass_lnmr,AsyCo,0.4,bkl,0.3270913207878393
SP,perclass_lnmr,AsyCo,0.4,mel,0.3001435856819666
SP,perclass_lnmr,AsyCo,0.4,bcc,0.22751236579898712
SP,perclass_lnmr,AsyCo,0.4,akiec,0.16163802470706568
SP,perclass_lnmr,AsyCo,0.4,vasc,0.13596529119978468
SP,perclass_lnmr,AsyCo,0.4,df,0.16737106769667418
SP,perclass_lnmr,baseline,0.5,nv,0.6753509787555064
SP,perclass_lnmr,baseline,0.5,bkl,0.43853807593007554
SP,perclass_lnmr,baseline,0.5,mel,0.6175494370636808
SP,perclass_lnmr,baseline,0.5,bcc,0.5808102680279845
SP,perclass_lnmr,baseline,0.5,akiec,0.5065664235997838
SP,perclass_lnmr,baseline,0.5,vasc,0.5171698647874459
SP,perclass_lnmr,baseline,0.5,df,0.5506726280032627
SP,perclass_lnmr,SCE,0.5,nv,0.731874596497353
SP,perclass_lnmr,SCE,0.5,bkl,0.5462489011092704
SP,perclass_lnmr,SCE,0.5,mel,0.6845107686599232
SP,perclass_lnmr,SCE,0.5,bcc,0.5918604405021479
SP,perclass_lnmr,SCE,0.5,akiec,0.5767246867981969
SP,perclass_lnmr,SCE,0.5,vasc,0.5525408289256334
SP,perclass_lnmr,SCE,0.5,df,0.6015038430425015
SP,perclass_lnmr,ELR,0.5,nv,0.6244825854209265
SP,perclass_lnmr,ELR,0.5,bkl,0.42615447398037015
SP,perclass_lnmr,ELR,0.5,mel,0.5780283029495382
SP,perclass_lnmr,ELR,0.5,bcc,0.5244750286730071
SP,perclass_lnmr,ELR,0.5,akiec,0.42567271714087057
SP,perclass_lnmr,ELR,0.5,vasc,0.47727685589156443
SP,perclass_lnmr,ELR,0.5,df,0.5109083650990451
SP,perclass_lnmr,AsyCo,0.5,nv,0.3337261040792198
SP,perclass_lnmr,AsyCo,0.5,bkl,0.31011633724498344
SP,perclass_lnmr,AsyCo,0.5,mel,0.32155557298486537
SP,perclass_lnmr,AsyCo,0.5,bcc,0.23431438823251577
SP,perclass_lnmr,AsyCo,0.5,akiec,0.1369606819042914
SP,perclass_lnmr,AsyCo,0.5,vasc,0.15290377013209186
SP,perclass_lnmr,AsyCo,0.5,df,0.1758854839528074
A,perclass_f1,baseline,0.0,nv,0.697615769098484
A,perclass_f1,baseline,0.0,bkl,0.42287074920238144
A,perclass_f1,baseline,0.0,mel,0.34598286578520493
A,perclass_f1,baseline,0.0,bcc,0.5787878702859575
A,perclass_f1,baseline,0.0,akiec,0.3514477499425165
A,perclass_f1,baseline,0.0,vasc,0.5128597100447174
A,perclass_f1,baseline,0.0,df,0.1622944256307923
A,perclass_f1,SCE,0.0,nv,0.8516865016677432
A,perclass_f1,SCE,0.0,bkl,0.5339827299303301
A,perclass_f1,SCE,0.0,mel,0.4226861472200175
A,perclass_f1,SCE,0.0,bcc,0.6448208789543562
A,perclass_f1,SCE,0.0,akiec,0.40921551175975035
A,perclass_f1,SCE,0.0,vasc,0.7331913427074718
A,perclass_f1,SCE,0.0,df,0.3917895100069012
A,perclass_f1,ELR,0.0,nv,0.09382061246674354
A,perclass_f1,ELR,0.0,bkl,0.40585514975124903
A,perclass_f1,ELR,0.0,mel,0.2987292567737058
A,perclass_f1,ELR,0.0,bcc,0.5683534108754774
A,perclass_f1,ELR,0.0,akiec,0.35714435784677584
A,perclass_f1,ELR,0.0,vasc,0.43323499660003195
A,perclass_f1,ELR,0.0,df,0.03189604579118754
A,perclass_f1,AsyCo,0.0,nv,0.591848179750418
A,perclass_f1,AsyCo,0.0,bkl,0.19140769415832107
A,perclass_f1,AsyCo,0.0,mel,0.3436102536039953
A,perclass_f1,AsyCo,0.0,bcc,0.2461571119075232
A,perclass_f1,AsyCo,0.0,akiec,0.30736970781827727
A,perclass_f1,AsyCo,0.0,vasc,0.16186364078287457
A,perclass_f1,AsyCo,0.0,df,0.06301475974158154
A,perclass_f1,baseline,0.1,nv,0.0
A,perclass_f1,baseline,0.1,bkl,0.3209100492738529
A,perclass_f1,baseline,0.1,mel,0.22540085812742955
A,perclass_f1,baseline,0.1,bcc,0.4148215908821312
A,perclass_f1,baseline,0.1,akiec,0.2263628010827416
A,perclass_f1,baseline,0.1,vasc,0.10179642939398828
A,perclass_f1,baseline,0.1,df,0.08656356863432535
A,perclass_f1,SCE,0.1,nv,0.6121495600138556
A,perclass_f1,SCE,0.1,bkl,0.462888237949801
A,perclass_f1,SCE,0.1,mel,0.34594480667839184
A,perclass_f1,SCE,0.1,bcc,0.5061108138410466
A,perclass_f1,SCE,0.1,akiec,0.3117906441194332
A,perclass_f1,SCE,0.1,vasc,0.19792134955202306
A,perclass_f1,SCE,0.1,df,0.12108051742252197
A,perclass_f1,ELR,0.1,nv,0.0
A,perclass_f1,ELR,0.1,bkl,0.307393635593235
A,perclass_f1,ELR,0.1,mel,0.2481946668467033
A,perclass_f1,ELR,0.1,bcc,0.45757985773666265
A,perclass_f1,ELR,0.1,akiec,0.22998200528348672
A,perclass_f1,ELR,0.1,vasc,0.08445025068585939
A,perclass_f1,ELR,0.1,df,0.07607406849762724
A,perclass_f1,AsyCo,0.1,nv,0.08174121099487364
A,perclass_f1,AsyCo,0.1,bkl,0.15831974553845884
A,perclass_f1,AsyCo,0.1,mel,0.300671188726134
A,perclass_f1,AsyCo,0.1,bcc,0.3294523063137072
A,perclass_f1,AsyCo,0.1,akiec,0.2781271654280515
A,perclass_f1,AsyCo,0.1,vasc,0.08781982802037167
A,perclass_f1,AsyCo,0.1,df,0.042848926416805475
A,perclass_f1,baseline,0.2,nv,0.0
A,perclass_f1,baseline,0.2,bkl,0.29641342425774636
A,perclass_f1,baseline,0.2,mel,0.21007718432159878
A,perclass_f1,baseline,0.2,bcc,0.4010466404396057
A,perclass_f1,baseline,0.2,akiec,0.2197568808514987
A,perclass_f1,baseline,0.2,vasc,0.08497420567406118
A,perclass_f1,baseline,0.2,df,0.07171422255300136
A,perclass_f1,SCE,0.2,nv,0.47022044362498194
A,perclass_f1,SCE,0.2,bkl,0.4252547729985296
A,perclass_f1,SCE,0.2,mel,0.31832302599658113
A,perclass_f1,SCE,0.2,bcc,0.4579189071618538
A,perclass_f1,SCE,0.2,akiec,0.29637055586262306
A,perclass_f1,SCE,0.2,vasc,0.1407604548660159
A,perclass_f1,SCE,0.2,df,0.0946080337870061
A,perclass_f1,ELR,0.2,nv,0.0
A,perclass_f1,ELR,0.2,bkl,0.2630513457757081
A,perclass_f1,ELR,0.2,mel,0.2305651192402372
A,perclass_f1,ELR,0.2,bcc,0.40746700595085006
A,perclass_f1,ELR,0.2,akiec,0.20769891286639958
A,perclass_f1,ELR,0.2,vasc,0.07672412577009659
A,perclass_f1,ELR,0.2,df,0.05791757976432228
A,perclass_f1,AsyCo,0.2,nv,0.05484699854550066
A,perclass_f1,AsyCo,0.2,bkl,0.13322926637408142
A,perclass_f1,AsyCo,0.2,mel,0.26988407016145366
A,perclass_f1,AsyCo,0.2,bcc,0.3494218049768529
A,perclass_f1,AsyCo,0.2,akiec,0.27275535701216247
A,perclass_f1,AsyCo,0.2,vasc,0.08126053198660489
A,perclass_f1,AsyCo,0.2,df,0.04055761486200164
A,perclass_f1,baseline,0.3,nv,0.0
A,perclass_f1,baseline,0.3,bkl,0.2175609129754669
A,perclass_f1,baseline,0.3,mel,0.18352363455417345
A,perclass_f1,baseline,0.3,bcc,0.3835827489191488
A,perclass_f1,baseline,0.3,akiec,0.20518200082095261
A,perclass_f1,baseline,0.3,vasc,0.083741777531278
A,perclass_f1,baseline,0.3,df,0.06188375114011404
A,perclass_f1,SCE,0.3,nv,0.30191137998259476
A,perclass_f1,SCE,0.3,bkl,0.3644709993606969
A,perclass_f1,SCE,0.3,mel,0.2570424470002609
A,perclass_f1,SCE,0.3,bcc,0.43131974131303774
A,perclass_f1,SCE,0.3,akiec,0.28568920322059566
A,perclass_f1,SCE,0.3,vasc,0.1176581798740673
A,perclass_f1,SCE,0.3,df,0.07923711366943516
A,perclass_f1,ELR,0.3,nv,0.0
A,perclass_f1,ELR,0.3,bkl,0.18651504096738686
A,perclass_f1,ELR,0.3,mel,0.20632158165688125
A,perclass_f1,ELR,0.3,bcc,0.3830665283292223
A,perclass_f1,ELR,0.3,akiec,0.20606896514035172
A,perclass_f1,ELR,0.3,vasc,0.07505444544075654
A,perclass_f1,ELR,0.3,df,0.0572200195511882
A,perclass_f1,AsyCo,0.3,nv,0.018338280935072882
A,perclass_f1,AsyCo,0.3,bkl,0.07469059422339024
A,perclass_f1,AsyCo,0.3,mel,0.25106805178993985
A,perclass_f1,AsyCo,0.3,bcc,0.27668066487263526
A,perclass_f1,AsyCo,0.3,akiec,0.24088499581629663
A,perclass_f1,AsyCo,0.3,vasc,0.0596568811870435
A,perclass_f1,AsyCo,0.3,df,0.036936694960697
A,perclass_f1,baseline,0.4,nv,0.0
A,perclass_f1,baseline,0.4,bkl,0.17301071088845948
A,perclass_f1,baseline,0.4,mel,0.15907440049113425
A,perclass_f1,baseline,0.4,bcc,0.341751002711492
A,perclass_f1,baseline,0.4,akiec,0.18642794412527047
A,perclass_f1,baseline,0.4,vasc,0.07349784300455632
A,perclass_f1,baseline,0.4,df,0.05831060184316631
A,perclass_f1,SCE,0.4,nv,0.040805099485773114
A,perclass_f1,SCE,0.4,bkl,0.30248918451469525
A,perclass_f1,SCE,0.4,mel,0.1782369461897452
A,perclass_f1,SCE,0.4,bcc,0.36225451616459325
A,perclass_f1,SCE,0.4,akiec,0.2420565041802772
A,perclass_f1,SCE,0.4,vasc,0.1082769722969534
A,perclass_f1,SCE,0.4,df,0.06515147272152458
A,perclass_f1,ELR,0.4,nv,0.0
A,perclass_f1,ELR,0.4,bkl,0.1227288888220246
A,perclass_f1,ELR,0.4,mel,0.16145911417396677
A,perclass_f1,ELR,0.4,bcc,0.3418616070603523
A,perclass_f1,ELR,0.4,akiec,0.17448100328755695
A,perclass_f1,ELR,0.4,vasc,0.07399021055311661
A,perclass_f1,ELR,0.4,df,0.05503570914906845
A,perclass_f1,AsyCo,0.4,nv,0.008440542445755808
A,perclass_f1,AsyCo,0.4,bkl,0.06489648717669572
A,perclass_f1,AsyCo,0.4,mel,0.21594435428833533
A,perclass_f1,AsyCo,0.4,bcc,0.3131349482754173
A,perclass_f1,AsyCo,0.4,akiec,0.2257547053829883
A,perclass_f1,AsyCo,0.4,vasc,0.06254435994184135
A,perclass_f1,AsyCo,0.4,df,0.036039144872674046
A,perclass_f1,baseline,0.5,nv,0.0022153862943435345
A,perclass_f1,baseline,0.5,bkl,0.12300554482715895
A,perclass_f1,baseline,0.5,mel,0.14714651425060238
A,perclass_f1,baseline,0.5,bcc,0.32261393096172913
A,perclass_f1,baseline,0.5,akiec,0.17176163141265754
A,perclass_f1,baseline,0.5,vasc,0.07716035915185224
A,perclass_f1,baseline,0.5,df,0.05528817429390356
A,perclass_f1,SCE,0.5,nv,0.015648950120839375
A,perclass_f1,SCE,0.5,bkl,0.2289223068042135
A,perclass_f1,SCE,0.5,mel,0.16559204190480858
A,perclass_f1,SCE,0.5,bcc,0.3544226006656409
A,perclass_f1,SCE,0.5,akiec,0.23866813477458065
A,perclass_f1,SCE,0.5,vasc,0.10025538942943482
A,perclass_f1,SCE,0.5,df,0.0647481885027802
A,perclass_f1,ELR,0.5,nv,0.0007393715341959334
A,perclass_f1,ELR,0.5,bkl,0.07356397660983223
A,perclass_f1,ELR,0.5,mel,0.15147551749542276
A,perclass_f1,ELR,0.5,bcc,0.29154173647786286
A,perclass_f1,ELR,0.5,akiec,0.1691550449632449
A,perclass_f1,ELR,0.5,vasc,0.0680067101010286
A,perclass_f1,ELR,0.5,df,0.05132463562830155
A,perclass_f1,AsyCo,0.5,nv,0.00844722682627251
A,perclass_f1,AsyCo,0.5,bkl,0.018864732708410305
A,perclass_f1,AsyCo,0.5,mel,0.2119939333039939
A,perclass_f1,AsyCo,0.5,bcc,0.2610155966382079
A,perclass_f1,AsyCo,0.5,akiec,0.19527080207546327
A,perclass_f1,AsyCo,0.5,vasc,0.05965431171463496
A,perclass_f1,AsyCo,0.5,df,0.030197817913740006
A,perclass_nta,baseline,0.1,nv,0.0
A,perclass_nta,baseline,0.1,bkl,0.2471073261005885
A,perclass_nta,baseline,0.1,mel,0.44044785932588876
A,perclass_nta,baseline,0.1,bcc,0.4511688202716953
A,perclass_nta,baseline,0.1,akiec,0.638004341861697
A,perclass_nta,baseline,0.1,vasc,0.49862575333163567
A,perclass_nta,baseline,0.1,df,0.7074999999999999
A,perclass_nta,SCE,0.1,nv,0.387093860365613
A,perclass_nta,SCE,0.1,bkl,0.33216816983877234
A,perclass_nta,SCE,0.1,mel,0.523177847019985
A,perclass_nta,SCE,0.1,bcc,0.47792597352214605
A,perclass_nta,SCE,0.1,akiec,0.5540985814672391
A,perclass_nta,SCE,0.1,vasc,0.5193833290892115
A,perclass_nta,SCE,0.1,df,0.6991666666666666
A,perclass_nta,ELR,0.1,nv,0.0
A,perclass_nta,ELR,0.1,bkl,0.17773216222492666
A,perclass_nta,ELR,0.1,mel,0.4461130516757968
A,perclass_nta,ELR,0.1,bcc,0.4624418235523713
A,perclass_nta,ELR,0.1,akiec,0.6838761481500529
A,perclass_nta,ELR,0.1,vasc,0.5183155080213904
A,perclass_nta,ELR,0.1,df,0.74
A,perclass_nta,AsyCo,0.1,nv,0.044543317100413884
A,perclass_nta,AsyCo,0.1,bkl,0.11301886655645266
A,perclass_nta,AsyCo,0.1,mel,0.4169058838454179
A,perclass_nta,AsyCo,0.1,bcc,0.2731934575392993
A,perclass_nta,AsyCo,0.1,akiec,0.6626245527947532
A,perclass_nta,AsyCo,0.1,vasc,0.9031652661064425
A,perclass_nta,AsyCo,0.1,df,0.8516666666666668
A,perclass_nta,baseline,0.2,nv,0.0
A,perclass_nta,baseline,0.2,bkl,0.217745290404903
A,perclass_nta,baseline,0.2,mel,0.35778481279992935
A,perclass_nta,baseline,0.2,bcc,0.5081406041695891
A,perclass_nta,baseline,0.2,akiec,0.6066206212457816
A,perclass_nta,baseline,0.2,vasc,0.5077636002740323
A,perclass_nta,baseline,0.2,df,0.6420597784568374
A,perclass_nta,SCE,0.2,nv,0.27280247495039667
A,perclass_nta,SCE,0.2,bkl,0.3428532662140984
A,perclass_nta,SCE,0.2,mel,0.4900384679556341
A,perclass_nta,SCE,0.2,bcc,0.4961324862968769
A,perclass_nta,SCE,0.2,akiec,0.5323229351804446
A,perclass_nta,SCE,0.2,vasc,0.5757226044845509
A,perclass_nta,SCE,0.2,df,0.6270435446906035
A,perclass_nta,ELR,0.2,nv,0.0
A,perclass_nta,ELR,0.2,bkl,0.16290941629176922
A,perclass_nta,ELR,0.2,mel,0.37684469504559825
A,perclass_nta,ELR,0.2,bcc,0.46551200989622343
A,perclass_nta,ELR,0.2,akiec,0.6469890369261357
A,perclass_nta,ELR,0.2,vasc,0.5369016798176174
A,perclass_nta,ELR,0.2,df,0.7143000381970971
A,perclass_nta,AsyCo,0.2,nv,0.02356905290420083
A,perclass_nta,AsyCo,0.2,bkl,0.08313106469490975
A,perclass_nta,AsyCo,0.2,mel,0.3554876258341352
A,perclass_nta,AsyCo,0.2,bcc,0.33230179170321494
A,perclass_nta,AsyCo,0.2,akiec,0.7936060416009066
A,perclass_nta,AsyCo,0.2,vasc,0.9309921703235071
A,perclass_nta,AsyCo,0.2,df,0.6831359816653934
A,perclass_nta,baseline,0.3,nv,6.963788300835655e-05
A,perclass_nta,baseline,0.3,bkl,0.16362467382924312
A,perclass_nta,baseline,0.3,mel,0.25143584617314824
A,perclass_nta,baseline,0.3,bcc,0.4491548780420411
A,perclass_nta,baseline,0.3,akiec,0.6203487375089389
A,perclass_nta,baseline,0.3,vasc,0.5538217391066315
A,perclass_nta,baseline,0.3,df,0.6250284043441938
A,perclass_nta,SCE,0.3,nv,0.17007375075563388
A,perclass_nta,SCE,0.3,bkl,0.2896293182246459
A,perclass_nta,SCE,0.3,mel,0.4119341695650408
A,perclass_nta,SCE,0.3,bcc,0.5007309624225738
A,perclass_nta,SCE,0.3,akiec,0.6048658700295023
A,perclass_nta,SCE,0.3,vasc,0.6061986549167494
A,perclass_nta,SCE,0.3,df,0.6676460089617985
A,perclass_nta,ELR,0.3,nv,0.0
A,perclass_nta,ELR,0.3,bkl,0.1105627837734082
A,perclass_nta,ELR,0.3,mel,0.25900738648319976
A,perclass_nta,ELR,0.3,bcc,0.4713102487709383
A,perclass_nta,ELR,0.3,akiec,0.6680041010596598
A,perclass_nta,ELR,0.3,vasc,0.5670120654043747
A,perclass_nta,ELR,0.3,df,0.6400552897395003
A,perclass_nta,AsyCo,0.3,nv,0.010012929295881568
A,perclass_nta,AsyCo,0.3,bkl,0.039083953110446344
A,perclass_nta,AsyCo,0.3,mel,0.2995884903441014
A,perclass_nta,AsyCo,0.3,bcc,0.30116905689759316
A,perclass_nta,AsyCo,0.3,akiec,0.7868971088851309
A,perclass_nta,AsyCo,0.3,vasc,0.9541763110381666
A,perclass_nta,AsyCo,0.3,df,0.5755309485835802
A,perclass_nta,baseline,0.4,nv,0.0
A,perclass_nta,baseline,0.4,bkl,0.12554475487442754
A,perclass_nta,baseline,0.4,mel,0.20015859790646834
A,perclass_nta,baseline,0.4,bcc,0.5018630285151586
A,perclass_nta,baseline,0.4,akiec,0.6663853353352343
A,perclass_nta,baseline,0.4,vasc,0.5756860688946202
A,perclass_nta,baseline,0.4,df,0.579943039350915
A,perclass_nta,SCE,0.4,nv,0.016736980398836226
A,perclass_nta,SCE,0.4,bkl,0.249998913414975
A,perclass_nta,SCE,0.4,mel,0.35946573331129367
A,perclass_nta,SCE,0.4,bcc,0.5668538049659804
A,perclass_nta,SCE,0.4,akiec,0.6651574399072563
A,perclass_nta,SCE,0.4,vasc,0.6595558739968903
A,perclass_nta,SCE,0.4,df,0.5653208294928181
A,perclass_nta,ELR,0.4,nv,0.0
A,perclass_nta,ELR,0.4,bkl,0.08535953952401927
A,perclass_nta,ELR,0.4,mel,0.16652776256658042
A,perclass_nta,ELR,0.4,bcc,0.514551262309337
A,perclass_nta,ELR,0.4,akiec,0.6933749680891876
A,perclass_nta,ELR,0.4,vasc,0.6168539709240574
A,perclass_nta,ELR,0.4,df,0.571858032618288
A,perclass_nta,AsyCo,0.4,nv,0.00426898852748034
A,perclass_nta,AsyCo,0.4,bkl,0.04556373472181513
A,perclass_nta,AsyCo,0.4,mel,0.2803723825727238
A,perclass_nta,AsyCo,0.4,bcc,0.35174516498945446
A,perclass_nta,AsyCo,0.4,akiec,0.8062306484718377
A,perclass_nta,AsyCo,0.4,vasc,0.8972411541618334
A,perclass_nta,AsyCo,0.4,df,0.40456256143763625
A,perclass_nta,baseline,0.5,nv,0.0007016682905209846
A,perclass_nta,baseline,0.5,bkl,0.08869236399648125
A,perclass_nta,baseline,0.5,mel,0.1532002688823001
A,perclass_nta,baseline,0.5,bcc,0.47623243133582155
A,perclass_nta,baseline,0.5,akiec,0.6796058101234628
A,perclass_nta,baseline,0.5,vasc,0.6232100303767619
A,perclass_nta,baseline,0.5,df,0.6052471849829189
A,perclass_nta,SCE,0.5,nv,0.006130806616226591
A,perclass_nta,SCE,0.5,bkl,0.18085002107204068
A,perclass_nta,SCE,0.5,mel,0.31931050684609436
A,perclass_nta,SCE,0.5,bcc,0.5424391171472603
A,perclass_nta,SCE,0.5,akiec,0.6957963339564982
A,perclass_nta,SCE,0.5,vasc,0.6766351463019997
A,perclass_nta,SCE,0.5,df,0.5631184615181578
A,perclass_nta,ELR,0.5,nv,0.0
A,perclass_nta,ELR,0.5,bkl,0.05120791229562999
A,perclass_nta,ELR,0.5,mel,0.1255672104024717
A,perclass_nta,ELR,0.5,bcc,0.4908981587025817
A,perclass_nta,ELR,0.5,akiec,0.6967187545172473
A,perclass_nta,ELR,0.5,vasc,0.5797834441823926
A,perclass_nta,ELR,0.5,df,0.5873063513367581
A,perclass_nta,AsyCo,0.5,nv,0.0029525331380169774
A,perclass_nta,AsyCo,0.5,bkl,0.012657684684681137
A,perclass_nta,AsyCo,0.5,mel,0.2579097821248414
A,perclass_nta,AsyCo,0.5,bcc,0.30209732109661924
A,perclass_nta,AsyCo,0.5,akiec,0.8058280495804802
A,perclass_nta,AsyCo,0.5,vasc,0.8218690974783043
A,perclass_nta,AsyCo,0.5,df,0.3645247272557805
A,perclass_lnmr,baseline,0.1,nv,0.4795131481951467
A,perclass_lnmr,baseline,0.1,bkl,0.39372161247105286
A,perclass_lnmr,baseline,0.1,mel,0.3099480605144598
A,perclass_lnmr,baseline,0.1,bcc,0.3950725638974162
A,perclass_lnmr,baseline,0.1,akiec,0.2352515442631357
A,perclass_lnmr,baseline,0.1,vasc,0.41847381376793147
A,perclass_lnmr,baseline,0.1,df,0.20388888888888893
A,perclass_lnmr,SCE,0.1,nv,0.3826611105478698
A,perclass_lnmr,SCE,0.1,bkl,0.45815403902008944
A,perclass_lnmr,SCE,0.1,mel,0.3242904866885668
A,perclass_lnmr,SCE,0.1,bcc,0.40549469395178894
A,perclass_lnmr,SCE,0.1,akiec,0.34010997130941856
A,perclass_lnmr,SCE,0.1,vasc,0.4052198455139632
A,perclass_lnmr,SCE,0.1,df,0.19194444444444442
A,perclass_lnmr,ELR,0.1,nv,0.42930373201005356
A,perclass_lnmr,ELR,0.1,bkl,0.4305009090877
A,perclass_lnmr,ELR,0.1,mel,0.27095669540890316
A,perclass_lnmr,ELR,0.1,bcc,0.39907228486975377
A,perclass_lnmr,ELR,0.1,akiec,0.21150639558811327
A,perclass_lnmr,ELR,0.1,vasc,0.4134305237246414
A,perclass_lnmr,ELR,0.1,df,0.1997222222222222
A,perclass_lnmr,AsyCo,0.1,nv,0.22291565772887498
A,perclass_lnmr,AsyCo,0.1,bkl,0.23929853763709757
A,perclass_lnmr,AsyCo,0.1,mel,0.13648085181656947
A,perclass_lnmr,AsyCo,0.1,bcc,0.1964140617311091
A,perclass_lnmr,AsyCo,0.1,akiec,0.09935569092697218
A,perclass_lnmr,AsyCo,0.1,vasc,0.04516806722689075
A,perclass_lnmr,AsyCo,0.1,df,0.03055555555555555
A,perclass_lnmr,baseline,0.2,nv,0.42182270563468577
A,perclass_lnmr,baseline,0.2,bkl,0.36332755201119615
A,perclass_lnmr,baseline,0.2,mel,0.35325775646117097
A,perclass_lnmr,baseline,0.2,bcc,0.36724799626854826
A,perclass_lnmr,baseline,0.2,akiec,0.2563669516018682
A,perclass_lnmr,baseline,0.2,vasc,0.40845783639716193
A,perclass_lnmr,baseline,0.2,df,0.219146294881589
A,perclass_lnmr,SCE,0.2,nv,0.39980303020176206
A,perclass_lnmr,SCE,0.2,bkl,0.38562318632799275
A,perclass_lnmr,SCE,0.2,mel,0.33007163109064375
A,perclass_lnmr,SCE,0.2,bcc,0.36759362939632667
A,perclass_lnmr,SCE,0.2,akiec,0.31938945700819904
A,perclass_lnmr,SCE,0.2,vasc,0.3558110096892234
A,perclass_lnmr,SCE,0.2,df,0.22771199388846447
A,perclass_lnmr,ELR,0.2,nv,0.38234172872897715
A,perclass_lnmr,ELR,0.2,bkl,0.3760267669521614
A,perclass_lnmr,ELR,0.2,mel,0.29579131138793363
A,perclass_lnmr,ELR,0.2,bcc,0.37057555615298965
A,perclass_lnmr,ELR,0.2,akiec,0.21702193168175196
A,perclass_lnmr,ELR,0.2,vasc,0.39457427572651693
A,perclass_lnmr,ELR,0.2,df,0.1668353705118411
A,perclass_lnmr,AsyCo,0.2,nv,0.2338634520855305
A,perclass_lnmr,AsyCo,0.2,bkl,0.2618942137091348
A,perclass_lnmr,AsyCo,0.2,mel,0.17130524479694006
A,perclass_lnmr,AsyCo,0.2,bcc,0.21010269240091423
A,perclass_lnmr,AsyCo,0.2,akiec,0.06669937966600355
A,perclass_lnmr,AsyCo,0.2,vasc,0.027361111111111114
A,perclass_lnmr,AsyCo,0.2,df,0.11967627960275021
A,perclass_lnmr,baseline,0.3,nv,0.36193049241774966
A,perclass_lnmr,baseline,0.3,bkl,0.36025966483433997
A,perclass_lnmr,baseline,0.3,mel,0.339264012109934
A,perclass_lnmr,baseline,0.3,bcc,0.38407913217755885
A,perclass_lnmr,baseline,0.3,akiec,0.22858638474250298
A,perclass_lnmr,baseline,0.3,vasc,0.35004854043906497
A,perclass_lnmr,baseline,0.3,df,0.2170277208171945
A,perclass_lnmr,SCE,0.3,nv,0.4176397856583153
A,perclass_lnmr,SCE,0.3,bkl,0.3862673706552632
A,perclass_lnmr,SCE,0.3,mel,0.34121368560142107
A,perclass_lnmr,SCE,0.3,bcc,0.34306885268461457
A,perclass_lnmr,SCE,0.3,akiec,0.26639156572380773
A,perclass_lnmr,SCE,0.3,vasc,0.29348034344512497
A,perclass_lnmr,SCE,0.3,df,0.21196658312447786
A,perclass_lnmr,ELR,0.3,nv,0.32796220908049545
A,perclass_lnmr,ELR,0.3,bkl,0.3665521618466492
A,perclass_lnmr,ELR,0.3,mel,0.3104299298866481
A,perclass_lnmr,ELR,0.3,bcc,0.36889442369894765
A,perclass_lnmr,ELR,0.3,akiec,0.1940782877344966
A,perclass_lnmr,ELR,0.3,vasc,0.3400444030017788
A,perclass_lnmr,ELR,0.3,df,0.23666841345788714
A,perclass_lnmr,AsyCo,0.3,nv,0.20392430071218487
A,perclass_lnmr,AsyCo,0.3,bkl,0.25577048516386214
A,perclass_lnmr,AsyCo,0.3,mel,0.1636973859803202
A,perclass_lnmr,AsyCo,0.3,bcc,0.22482318311123115
A,perclass_lnmr,AsyCo,0.3,akiec,0.06722023459719317
A,perclass_lnmr,AsyCo,0.3,vasc,0.008711433756805807
A,perclass_lnmr,AsyCo,0.3,df,0.1375807701070859
A,perclass_lnmr,baseline,0.4,nv,0.31820954520731604
A,perclass_lnmr,baseline,0.4,bkl,0.3355508827426632
A,perclass_lnmr,baseline,0.4,mel,0.3369883292577125
A,perclass_lnmr,baseline,0.4,bcc,0.33900056276598745
A,perclass_lnmr,baseline,0.4,akiec,0.2015966453873066
A,perclass_lnmr,baseline,0.4,vasc,0.33612914273147004
A,perclass_lnmr,baseline,0.4,df,0.23073731656620283
A,perclass_lnmr,SCE,0.4,nv,0.466072942499843
A,perclass_lnmr,SCE,0.4,bkl,0.3565311290945446
A,perclass_lnmr,SCE,0.4,mel,0.3487663331766859
A,perclass_lnmr,SCE,0.4,bcc,0.2781710854387581
A,perclass_lnmr,SCE,0.4,akiec,0.21915692267721262
A,perclass_lnmr,SCE,0.4,vasc,0.2616907807317757
A,perclass_lnmr,SCE,0.4,df,0.24348280667721217
A,perclass_lnmr,ELR,0.4,nv,0.28831176868365593
A,perclass_lnmr,ELR,0.4,bkl,0.3361740528925668
A,perclass_lnmr,ELR,0.4,mel,0.31394960324912036
A,perclass_lnmr,ELR,0.4,bcc,0.32043188611913476
A,perclass_lnmr,ELR,0.4,akiec,0.18678067890351419
A,perclass_lnmr,ELR,0.4,vasc,0.32182585005356434
A,perclass_lnmr,ELR,0.4,df,0.2714658770171602
A,perclass_lnmr,AsyCo,0.4,nv,0.22152045222557284
A,perclass_lnmr,AsyCo,0.4,bkl,0.24838157208088232
A,perclass_lnmr,AsyCo,0.4,mel,0.17446162649449687
A,perclass_lnmr,AsyCo,0.4,bcc,0.22279626801049943
A,perclass_lnmr,AsyCo,0.4,akiec,0.06766155261538512
A,perclass_lnmr,AsyCo,0.4,vasc,0.05179892025808541
A,perclass_lnmr,AsyCo,0.4,df,0.19998548051950255
A,perclass_lnmr,baseline,0.5,nv,0.28694991588609886
A,perclass_lnmr,baseline,0.5,bkl,0.31723277936724653
A,perclass_lnmr,baseline,0.5,mel,0.32020887734501324
A,perclass_lnmr,baseline,0.5,bcc,0.30447311805533983
A,perclass_lnmr,baseline,0.5,akiec,0.1822603588619792
A,perclass_lnmr,baseline,0.5,vasc,0.27042262049260934
A,perclass_lnmr,baseline,0.5,df,0.2616806367943122
A,perclass_lnmr,SCE,0.5,nv,0.4476930285520263
A,perclass_lnmr,SCE,0.5,bkl,0.3430228267312647
A,perclass_lnmr,SCE,0.5,mel,0.3423801816997245
A,perclass_lnmr,SCE,0.5,bcc,0.2625008566056177
A,perclass_lnmr,SCE,0.5,akiec,0.18135229710501952
A,perclass_lnmr,SCE,0.5,vasc,0.23172548832171985
A,perclass_lnmr,SCE,0.5,df,0.2405206434628917
A,perclass_lnmr,ELR,0.5,nv,0.2524708004368048
A,perclass_lnmr,ELR,0.5,bkl,0.31659297711728135
A,perclass_lnmr,ELR,0.5,mel,0.2935951324879601
A,perclass_lnmr,ELR,0.5,bcc,0.30609899277025576
A,perclass_lnmr,ELR,0.5,akiec,0.16253897118099267
A,perclass_lnmr,ELR,0.5,vasc,0.30372621800734173
A,perclass_lnmr,ELR,0.5,df,0.23254957331440224
A,perclass_lnmr,AsyCo,0.5,nv,0.20681346264704073
A,perclass_lnmr,AsyCo,0.5,bkl,0.24372907874795474
A,perclass_lnmr,AsyCo,0.5,mel,0.15179205840669557
A,perclass_lnmr,AsyCo,0.5,bcc,0.23657393048371564
A,perclass_lnmr,AsyCo,0.5,akiec,0.060840745476266334
A,perclass_lnmr,AsyCo,0.5,vasc,0.07686976737551254
A,perclass_lnmr,AsyCo,0.5,df,0.2120618990576156
AP,perclass_f1,baseline,0.0,nv,0.7653964512138153
AP,perclass_f1,baseline,0.0,bkl,0.5764385864704814
AP,perclass_f1,baseline,0.0,mel,0.39135277872594254
AP,perclass_f1,baseline,0.0,bcc,0.6560582791349017
AP,perclass_f1,baseline,0.0,akiec,0.4961782946598109
AP,perclass_f1,baseline,0.0,vasc,0.7016594516594516
AP,perclass_f1,baseline,0.0,df,0.38711875371612103
AP,perclass_f1,SCE,0.0,nv,0.8920683895888004
AP,perclass_f1,SCE,0.0,bkl,0.6923086050658522
AP,perclass_f1,SCE,0.0,mel,0.4938961259435831
AP,perclass_f1,SCE,0.0,bcc,0.7362221397584778
AP,perclass_f1,SCE,0.0,akiec,0.5599440976535567
AP,perclass_f1,SCE,0.0,vasc,0.8079226348700033
AP,perclass_f1,SCE,0.0,df,0.5194304388422035
AP,perclass_f1,ELR,0.0,nv,0.09382200869302892
AP,perclass_f1,ELR,0.0,bkl,0.6098594851962236
AP,perclass_f1,ELR,0.0,mel,0.31383821373662657
AP,perclass_f1,ELR,0.0,bcc,0.6634349120589432
AP,perclass_f1,ELR,0.0,akiec,0.4977640226318402
AP,perclass_f1,ELR,0.0,vasc,0.66446290205683
AP,perclass_f1,ELR,0.0,df,0.07594153090736053
AP,perclass_f1,AsyCo,0.0,nv,0.7633580868566132
AP,perclass_f1,AsyCo,0.0,bkl,0.4278118296537296
AP,perclass_f1,AsyCo,0.0,mel,0.3759441443534731
AP,perclass_f1,AsyCo,0.0,bcc,0.6290278892493536
AP,perclass_f1,AsyCo,0.0,akiec,0.4526324897360432
AP,perclass_f1,AsyCo,0.0,vasc,0.2671078598105097
AP,perclass_f1,AsyCo,0.0,df,0.12864227240891787
AP,perclass_f1,baseline,0.1,nv,0.02832552933024949
AP,perclass_f1,baseline,0.1,bkl,0.39502443191411263
AP,perclass_f1,baseline,0.1,mel,0.21557014027894153
AP,perclass_f1,baseline,0.1,bcc,0.4639323830522632
AP,perclass_f1,baseline,0.1,akiec,0.32583964604789345
AP,perclass_f1,baseline,0.1,vasc,0.20578169027075063
AP,perclass_f1,baseline,0.1,df,0.15231303096131316
AP,perclass_f1,SCE,0.1,nv,0.7816814499026603
AP,perclass_f1,SCE,0.1,bkl,0.5844632993152674
AP,perclass_f1,SCE,0.1,mel,0.4054300476553694
AP,perclass_f1,SCE,0.1,bcc,0.6113553389730885
AP,perclass_f1,SCE,0.1,akiec,0.42074438470278397
AP,perclass_f1,SCE,0.1,vasc,0.42434093118741617
AP,perclass_f1,SCE,0.1,df,0.2822919668757409
AP,perclass_f1,ELR,0.1,nv,0.0007366482504604051
AP,perclass_f1,ELR,0.1,bkl,0.445792728563258
AP,perclass_f1,ELR,0.1,mel,0.2098042113658804
AP,perclass_f1,ELR,0.1,bcc,0.4435350050166048
AP,perclass_f1,ELR,0.1,akiec,0.33938958149267257
AP,perclass_f1,ELR,0.1,vasc,0.17499964745091928
AP,perclass_f1,ELR,0.1,df,0.1342279934860813
AP,perclass_f1,AsyCo,0.1,nv,0.2749436710262729
AP,perclass_f1,AsyCo,0.1,bkl,0.3672671842949867
AP,perclass_f1,AsyCo,0.1,mel,0.3153703010282189
AP,perclass_f1,AsyCo,0.1,bcc,0.5396362158602613
AP,perclass_f1,AsyCo,0.1,akiec,0.3505739576973153
AP,perclass_f1,AsyCo,0.1,vasc,0.07962750378834618
AP,perclass_f1,AsyCo,0.1,df,0.08395773289628362
AP,perclass_f1,baseline,0.2,nv,0.015004666516976082
AP,perclass_f1,baseline,0.2,bkl,0.3605553414373901
AP,perclass_f1,baseline,0.2,mel,0.21099744152515446
AP,perclass_f1,baseline,0.2,bcc,0.4120227876263156
AP,perclass_f1,baseline,0.2,akiec,0.3312707899956969
AP,perclass_f1,baseline,0.2,vasc,0.19129151555285268
AP,perclass_f1,baseline,0.2,df,0.1394109964176405
AP,perclass_f1,SCE,0.2,nv,0.6654376951270956
AP,perclass_f1,SCE,0.2,bkl,0.5271442309573806
AP,perclass_f1,SCE,0.2,mel,0.3430045501479665
AP,perclass_f1,SCE,0.2,bcc,0.5082395282359523
AP,perclass_f1,SCE,0.2,akiec,0.40004721852190955
AP,perclass_f1,SCE,0.2,vasc,0.2716177667751737
AP,perclass_f1,SCE,0.2,df,0.19476762224531613
AP,perclass_f1,ELR,0.2,nv,0.0003696857670979667
AP,perclass_f1,ELR,0.2,bkl,0.41150741328812845
AP,perclass_f1,ELR,0.2,mel,0.2099746234065481
AP,perclass_f1,ELR,0.2,bcc,0.4255647186864605
AP,perclass_f1,ELR,0.2,akiec,0.3496365025088427
AP,perclass_f1,ELR,0.2,vasc,0.1596427153850116
AP,perclass_f1,ELR,0.2,df,0.13493461546484434
AP,perclass_f1,AsyCo,0.2,nv,0.2245206472852656
AP,perclass_f1,AsyCo,0.2,bkl,0.32931092072001095
AP,perclass_f1,AsyCo,0.2,mel,0.2666202544140718
AP,perclass_f1,AsyCo,0.2,bcc,0.49471096724872743
AP,perclass_f1,AsyCo,0.2,akiec,0.3308068240497197
AP,perclass_f1,AsyCo,0.2,vasc,0.08214122150992784
AP,perclass_f1,AsyCo,0.2,df,0.07776811337242523
AP,perclass_f1,baseline,0.3,nv,0.012837503226732012
AP,perclass_f1,baseline,0.3,bkl,0.3263199281152271
AP,perclass_f1,baseline,0.3,mel,0.1857682999802892
AP,perclass_f1,baseline,0.3,bcc,0.3711378471211624
AP,perclass_f1,baseline,0.3,akiec,0.2765447259619035
AP,perclass_f1,baseline,0.3,vasc,0.14449093149309028
AP,perclass_f1,baseline,0.3,df,0.12311692823212658
AP,perclass_f1,SCE,0.3,nv,0.5453686195389631
AP,perclass_f1,SCE,0.3,bkl,0.4703736270135705
AP,perclass_f1,SCE,0.3,mel,0.2762576871736626
AP,perclass_f1,SCE,0.3,bcc,0.44048567655957943
AP,perclass_f1,SCE,0.3,akiec,0.34571811434884964
AP,perclass_f1,SCE,0.3,vasc,0.19466742328351674
AP,perclass_f1,SCE,0.3,df,0.14236420021248414
AP,perclass_f1,ELR,0.3,nv,0.0011076931471717673
AP,perclass_f1,ELR,0.3,bkl,0.3547428916449767
AP,perclass_f1,ELR,0.3,mel,0.1884768030222539
AP,perclass_f1,ELR,0.3,bcc,0.36680128601505296
AP,perclass_f1,ELR,0.3,akiec,0.29822320662761115
AP,perclass_f1,ELR,0.3,vasc,0.13500967797805874
AP,perclass_f1,ELR,0.3,df,0.1151280071083268
AP,perclass_f1,AsyCo,0.3,nv,0.16940749620562742
AP,perclass_f1,AsyCo,0.3,bkl,0.25486971975017286
AP,perclass_f1,AsyCo,0.3,mel,0.2334515540195446
AP,perclass_f1,AsyCo,0.3,bcc,0.4705350962707975
AP,perclass_f1,AsyCo,0.3,akiec,0.3015106531110787
AP,perclass_f1,AsyCo,0.3,vasc,0.06951547503878956
AP,perclass_f1,AsyCo,0.3,df,0.07753496144313224
AP,perclass_f1,baseline,0.4,nv,0.010652604247103542
AP,perclass_f1,baseline,0.4,bkl,0.3059795054411497
AP,perclass_f1,baseline,0.4,mel,0.1592272578870691
AP,perclass_f1,baseline,0.4,bcc,0.3465018882058926
AP,perclass_f1,baseline,0.4,akiec,0.25720750419214705
AP,perclass_f1,baseline,0.4,vasc,0.1343977326718729
AP,perclass_f1,baseline,0.4,df,0.10465781702079513
AP,perclass_f1,SCE,0.4,nv,0.34397645005204813
AP,perclass_f1,SCE,0.4,bkl,0.37900545983487965
AP,perclass_f1,SCE,0.4,mel,0.21930778477152488
AP,perclass_f1,SCE,0.4,bcc,0.40598166986541634
AP,perclass_f1,SCE,0.4,akiec,0.3161327577118757
AP,perclass_f1,SCE,0.4,vasc,0.16490171757808936
AP,perclass_f1,SCE,0.4,df,0.10934446852938262
AP,perclass_f1,ELR,0.4,nv,0.0007386894571348671
AP,perclass_f1,ELR,0.4,bkl,0.314013024368339
AP,perclass_f1,ELR,0.4,mel,0.1563924887899963
AP,perclass_f1,ELR,0.4,bcc,0.3387736382232564
AP,perclass_f1,ELR,0.4,akiec,0.24010176583892356
AP,perclass_f1,ELR,0.4,vasc,0.12216135641971168
AP,perclass_f1,ELR,0.4,df,0.09437238529243117
AP,perclass_f1,AsyCo,0.4,nv,0.12481762704448449
AP,perclass_f1,AsyCo,0.4,bkl,0.23015200039715408
AP,perclass_f1,AsyCo,0.4,mel,0.2132443285111977
AP,perclass_f1,AsyCo,0.4,bcc,0.44827006338350284
AP,perclass_f1,AsyCo,0.4,akiec,0.28788166529607556
AP,perclass_f1,AsyCo,0.4,vasc,0.07663129354151062
AP,perclass_f1,AsyCo,0.4,df,0.07425568183878421
AP,perclass_f1,baseline,0.5,nv,0.030135258061235914
AP,perclass_f1,baseline,0.5,bkl,0.2635396371700327
AP,perclass_f1,baseline,0.5,mel,0.14604536023141274
AP,perclass_f1,baseline,0.5,bcc,0.31387306898783196
AP,perclass_f1,baseline,0.5,akiec,0.22975188890481407
AP,perclass_f1,baseline,0.5,vasc,0.11567878236399762
AP,perclass_f1,baseline,0.5,df,0.08836303226853043
AP,perclass_f1,SCE,0.5,nv,0.19649870335727498
AP,perclass_f1,SCE,0.5,bkl,0.327325189804743
AP,perclass_f1,SCE,0.5,mel,0.18203908873815186
AP,perclass_f1,SCE,0.5,bcc,0.39672980447871586
AP,perclass_f1,SCE,0.5,akiec,0.28155187384626407
AP,perclass_f1,SCE,0.5,vasc,0.13946409945660262
AP,perclass_f1,SCE,0.5,df,0.1095703025234471
AP,perclass_f1,ELR,0.5,nv,0.001107011070110701
AP,perclass_f1,ELR,0.5,bkl,0.2550539053916887
AP,perclass_f1,ELR,0.5,mel,0.1372844941996681
AP,perclass_f1,ELR,0.5,bcc,0.3245088140996154
AP,perclass_f1,ELR,0.5,akiec,0.2204866766433565
AP,perclass_f1,ELR,0.5,vasc,0.10525913090370223
AP,perclass_f1,ELR,0.5,df,0.08618194773522485
AP,perclass_f1,AsyCo,0.5,nv,0.12270246474763999
AP,perclass_f1,AsyCo,0.5,bkl,0.17803812574193523
AP,perclass_f1,AsyCo,0.5,mel,0.20633250066078404
AP,perclass_f1,AsyCo,0.5,bcc,0.4213867037541318
AP,perclass_f1,AsyCo,0.5,akiec,0.27285087131509644
AP,perclass_f1,AsyCo,0.5,vasc,0.07361541307343603
AP,perclass_f1,AsyCo,0.5,df,0.06897480702065759
AP,perclass_nta,baseline,0.1,nv,0.007642404934261299
AP,perclass_nta,baseline,0.1,bkl,0.3840540793930505
AP,perclass_nta,baseline,0.1,mel,0.48190666027394713
AP,perclass_nta,baseline,0.1,bcc,0.3639605918067423
AP,perclass_nta,baseline,0.1,akiec,0.46056046290333885
AP,perclass_nta,baseline,0.1,vasc,0.3332522706052118
AP,perclass_nta,baseline,0.1,df,0.4022222222222222
AP,perclass_nta,SCE,0.1,nv,0.47353875811805424
AP,perclass_nta,SCE,0.1,bkl,0.3660396795964783
AP,perclass_nta,SCE,0.1,mel,0.4360043178863647
AP,perclass_nta,SCE,0.1,bcc,0.42767372769731893
AP,perclass_nta,SCE,0.1,akiec,0.46755114202593784
AP,perclass_nta,SCE,0.1,vasc,0.4105385790679909
AP,perclass_nta,SCE,0.1,df,0.4811111111111111
AP,perclass_nta,ELR,0.1,nv,0.00031621521632620414
AP,perclass_nta,ELR,0.1,bkl,0.3518249033096384
AP,perclass_nta,ELR,0.1,mel,0.5233958494210862
AP,perclass_nta,ELR,0.1,bcc,0.41689339148859383
AP,perclass_nta,ELR,0.1,akiec,0.5308381489334792
AP,perclass_nta,ELR,0.1,vasc,0.3996388252270605
AP,perclass_nta,ELR,0.1,df,0.38833333333333336
AP,perclass_nta,AsyCo,0.1,nv,0.15311992716072692
AP,perclass_nta,AsyCo,0.1,bkl,0.27427680305812474
AP,perclass_nta,AsyCo,0.1,mel,0.4054414864970922
AP,perclass_nta,AsyCo,0.1,bcc,0.5596441055795937
AP,perclass_nta,AsyCo,0.1,akiec,0.7256645229982
AP,perclass_nta,AsyCo,0.1,vasc,0.646420083184789
AP,perclass_nta,AsyCo,0.1,df,0.8944444444444445
AP,perclass_nta,baseline,0.2,nv,0.0034146931973966796
AP,perclass_nta,baseline,0.2,bkl,0.41706274502902907
AP,perclass_nta,baseline,0.2,mel,0.4147326944619767
AP,perclass_nta,baseline,0.2,bcc,0.3817431360376314
AP,perclass_nta,baseline,0.2,akiec,0.43372805649057256
AP,perclass_nta,baseline,0.2,vasc,0.3879485840172002
AP,perclass_nta,baseline,0.2,df,0.37348166539343014
AP,perclass_nta,SCE,0.2,nv,0.3726695532050772
AP,perclass_nta,SCE,0.2,bkl,0.3867808887536291
AP,perclass_nta,SCE,0.2,mel,0.436734272659983
AP,perclass_nta,SCE,0.2,bcc,0.44001625491369784
AP,perclass_nta,SCE,0.2,akiec,0.4550342210149655
AP,perclass_nta,SCE,0.2,vasc,0.4796348375006336
AP,perclass_nta,SCE,0.2,df,0.4962471352177234
AP,perclass_nta,ELR,0.2,nv,0.000199607955632052
AP,perclass_nta,ELR,0.2,bkl,0.4030130427386524
AP,perclass_nta,ELR,0.2,mel,0.45640710432872494
AP,perclass_nta,ELR,0.2,bcc,0.42248611764282284
AP,perclass_nta,ELR,0.2,akiec,0.4764632427559256
AP,perclass_nta,ELR,0.2,vasc,0.3773600495950408
AP,perclass_nta,ELR,0.2,df,0.4307009167303285
AP,perclass_nta,AsyCo,0.2,nv,0.12136025621697508
AP,perclass_nta,AsyCo,0.2,bkl,0.2613370683331228
AP,perclass_nta,AsyCo,0.2,mel,0.37428053763233116
AP,perclass_nta,AsyCo,0.2,bcc,0.6008348429138357
AP,perclass_nta,AsyCo,0.2,akiec,0.7084201157757
AP,perclass_nta,AsyCo,0.2,vasc,0.7765447117755637
AP,perclass_nta,AsyCo,0.2,df,0.7391281512605042
AP,perclass_nta,baseline,0.3,nv,0.004306798262660743
AP,perclass_nta,baseline,0.3,bkl,0.38162543934200166
AP,perclass_nta,baseline,0.3,mel,0.3716953528173526
AP,perclass_nta,baseline,0.3,bcc,0.36487055896859555
AP,perclass_nta,baseline,0.3,akiec,0.46001913972150277
AP,perclass_nta,baseline,0.3,vasc,0.4008922492025174
AP,perclass_nta,baseline,0.3,df,0.37538793954583427
AP,perclass_nta,SCE,0.3,nv,0.29763271613093206
AP,perclass_nta,SCE,0.3,bkl,0.361680341749652
AP,perclass_nta,SCE,0.3,mel,0.4112652212536843
AP,perclass_nta,SCE,0.3,bcc,0.4042061281569099
AP,perclass_nta,SCE,0.3,akiec,0.477003684127704
AP,perclass_nta,SCE,0.3,vasc,0.4879039924548323
AP,perclass_nta,SCE,0.3,df,0.40823080428343594
AP,perclass_nta,ELR,0.3,nv,0.0002047273952079295
AP,perclass_nta,ELR,0.3,bkl,0.3808415105020838
AP,perclass_nta,ELR,0.3,mel,0.3759441627019617
AP,perclass_nta,ELR,0.3,bcc,0.38996292452028875
AP,perclass_nta,ELR,0.3,akiec,0.4856684127095291
AP,perclass_nta,ELR,0.3,vasc,0.38879630222822786
AP,perclass_nta,ELR,0.3,df,0.3845116579327105
AP,perclass_nta,AsyCo,0.3,nv,0.09519061405755302
AP,perclass_nta,AsyCo,0.3,bkl,0.18275312859169227
AP,perclass_nta,AsyCo,0.3,mel,0.3238897833667923
AP,perclass_nta,AsyCo,0.3,bcc,0.5666875453941836
AP,perclass_nta,AsyCo,0.3,akiec,0.71766009226581
AP,perclass_nta,AsyCo,0.3,vasc,0.8325465852111197
AP,perclass_nta,AsyCo,0.3,df,0.7336764638869901
AP,perclass_nta,baseline,0.4,nv,0.00432475392947682
AP,perclass_nta,baseline,0.4,bkl,0.378290429604573
AP,perclass_nta,baseline,0.4,mel,0.2704284114839438
AP,perclass_nta,baseline,0.4,bcc,0.38543303512841526
AP,perclass_nta,baseline,0.4,akiec,0.4843701080715338
AP,perclass_nta,baseline,0.4,vasc,0.4079387378960348
AP,perclass_nta,baseline,0.4,df,0.3811996419965833
AP,perclass_nta,SCE,0.4,nv,0.16438463726353741
AP,perclass_nta,SCE,0.4,bkl,0.3572340293561657
AP,perclass_nta,SCE,0.4,mel,0.36240040698303655
AP,perclass_nta,SCE,0.4,bcc,0.4701449575244793
AP,perclass_nta,SCE,0.4,akiec,0.5369779607455681
AP,perclass_nta,SCE,0.4,vasc,0.48482916968883655
AP,perclass_nta,SCE,0.4,df,0.4174471839019181
AP,perclass_nta,ELR,0.4,nv,5.13347022587269e-05
AP,perclass_nta,ELR,0.4,bkl,0.3473024506378516
AP,perclass_nta,ELR,0.4,mel,0.27754520995395715
AP,perclass_nta,ELR,0.4,bcc,0.39208201038455687
AP,perclass_nta,ELR,0.4,akiec,0.5220800160113178
AP,perclass_nta,ELR,0.4,vasc,0.4355277823462408
AP,perclass_nta,ELR,0.4,df,0.4070705739612744
AP,perclass_nta,AsyCo,0.4,nv,0.06636801362684146
AP,perclass_nta,AsyCo,0.4,bkl,0.16305297713932973
AP,perclass_nta,AsyCo,0.4,mel,0.3480797380957864
AP,perclass_nta,AsyCo,0.4,bcc,0.607805041165002
AP,perclass_nta,AsyCo,0.4,akiec,0.7885117642346533
AP,perclass_nta,AsyCo,0.4,vasc,0.8252269536843041
AP,perclass_nta,AsyCo,0.4,df,0.6488446519053244
AP,perclass_nta,baseline,0.5,nv,0.013336693768235559
AP,perclass_nta,baseline,0.5,bkl,0.31458095620290555
AP,perclass_nta,baseline,0.5,mel,0.24320290327173938
AP,perclass_nta,baseline,0.5,bcc,0.35728891602033114
AP,perclass_nta,baseline,0.5,akiec,0.5202962343041111
AP,perclass_nta,baseline,0.5,vasc,0.41118780016851975
AP,perclass_nta,baseline,0.5,df,0.4119742339539834
AP,perclass_nta,SCE,0.5,nv,0.08291765309921856
AP,perclass_nta,SCE,0.5,bkl,0.3252389242571708
AP,perclass_nta,SCE,0.5,mel,0.32235438893664553
AP,perclass_nta,SCE,0.5,bcc,0.4722089656700139
AP,perclass_nta,SCE,0.5,akiec,0.584232903996572
AP,perclass_nta,SCE,0.5,vasc,0.5529316928696159
AP,perclass_nta,SCE,0.5,df,0.44154974948878234
AP,perclass_nta,ELR,0.5,nv,0.0008194932172123628
AP,perclass_nta,ELR,0.5,bkl,0.28308854119073257
AP,perclass_nta,ELR,0.5,mel,0.21344226752242004
AP,perclass_nta,ELR,0.5,bcc,0.37531817260379075
AP,perclass_nta,ELR,0.5,akiec,0.5343267131741989
AP,perclass_nta,ELR,0.5,vasc,0.429314316134877
AP,perclass_nta,ELR,0.5,df,0.4230782247241704
AP,perclass_nta,AsyCo,0.5,nv,0.06540425224444016
AP,perclass_nta,AsyCo,0.5,bkl,0.1307422261006494
AP,perclass_nta,AsyCo,0.5,mel,0.30089958745890194
AP,perclass_nta,AsyCo,0.5,bcc,0.603000877611647
AP,perclass_nta,AsyCo,0.5,akiec,0.7827559623294319
AP,perclass_nta,AsyCo,0.5,vasc,0.8572713097906632
AP,perclass_nta,AsyCo,0.5,df,0.6033584749620307
AP,perclass_lnmr,baseline,0.1,nv,0.7657444936919564
AP,perclass_lnmr,baseline,0.1,bkl,0.5303499898912147
AP,perclass_lnmr,baseline,0.1,mel,0.44105194389043384
AP,perclass_lnmr,baseline,0.1,bcc,0.5577338946604314
AP,perclass_lnmr,baseline,0.1,akiec,0.4457131312496382
AP,perclass_lnmr,baseline,0.1,vasc,0.5727608012902129
AP,perclass_lnmr,baseline,0.1,df,0.46972222222222226
AP,perclass_lnmr,SCE,0.1,nv,0.45785218449509435
AP,perclass_lnmr,SCE,0.1,bkl,0.5562367435220803
AP,perclass_lnmr,SCE,0.1,mel,0.5025040504773177
AP,perclass_lnmr,SCE,0.1,bcc,0.5165742905625171
AP,perclass_lnmr,SCE,0.1,akiec,0.44011230301689014
AP,perclass_lnmr,SCE,0.1,vasc,0.5261094134623546
AP,perclass_lnmr,SCE,0.1,df,0.42666666666666675
AP,perclass_lnmr,ELR,0.1,nv,0.7380617963758296
AP,perclass_lnmr,ELR,0.1,bkl,0.5420399093874414
AP,perclass_lnmr,ELR,0.1,mel,0.3988837600325725
AP,perclass_lnmr,ELR,0.1,bcc,0.534214419328186
AP,perclass_lnmr,ELR,0.1,akiec,0.40115862944268194
AP,perclass_lnmr,ELR,0.1,vasc,0.5471865715983363
AP,perclass_lnmr,ELR,0.1,df,0.4355555555555556
AP,perclass_lnmr,AsyCo,0.1,nv,0.3182719522040683
AP,perclass_lnmr,AsyCo,0.1,bkl,0.36191738469020446
AP,perclass_lnmr,AsyCo,0.1,mel,0.292084977788979
AP,perclass_lnmr,AsyCo,0.1,bcc,0.28279964650588163
AP,perclass_lnmr,AsyCo,0.1,akiec,0.17005526070912588
AP,perclass_lnmr,AsyCo,0.1,vasc,0.21757490875137933
AP,perclass_lnmr,AsyCo,0.1,df,0.06527777777777777
AP,perclass_lnmr,baseline,0.2,nv,0.7254548001564731
AP,perclass_lnmr,baseline,0.2,bkl,0.47897869433558105
AP,perclass_lnmr,baseline,0.2,mel,0.49582570456573133
AP,perclass_lnmr,baseline,0.2,bcc,0.5437962253461346
AP,perclass_lnmr,baseline,0.2,akiec,0.48445298845298856
AP,perclass_lnmr,baseline,0.2,vasc,0.5476052746179951
AP,perclass_lnmr,baseline,0.2,df,0.5016042780748663
AP,perclass_lnmr,SCE,0.2,nv,0.5046556785655292
AP,perclass_lnmr,SCE,0.2,bkl,0.5271460402342755
AP,perclass_lnmr,SCE,0.2,mel,0.49097055569200554
AP,perclass_lnmr,SCE,0.2,bcc,0.49166944583582206
AP,perclass_lnmr,SCE,0.2,akiec,0.4478840146657862
AP,perclass_lnmr,SCE,0.2,vasc,0.45692912214466264
AP,perclass_lnmr,SCE,0.2,df,0.4121944232238349
AP,perclass_lnmr,ELR,0.2,nv,0.7128707320859912
AP,perclass_lnmr,ELR,0.2,bkl,0.47583829170988434
AP,perclass_lnmr,ELR,0.2,mel,0.4489613067032253
AP,perclass_lnmr,ELR,0.2,bcc,0.5234511802932247
AP,perclass_lnmr,ELR,0.2,akiec,0.4591205664889875
AP,perclass_lnmr,ELR,0.2,vasc,0.5461145913881814
AP,perclass_lnmr,ELR,0.2,df,0.4488063407181054
AP,perclass_lnmr,AsyCo,0.2,nv,0.3368487414578146
AP,perclass_lnmr,AsyCo,0.2,bkl,0.3376766408706868
AP,perclass_lnmr,AsyCo,0.2,mel,0.3093596279693152
AP,perclass_lnmr,AsyCo,0.2,bcc,0.26922793808385637
AP,perclass_lnmr,AsyCo,0.2,akiec,0.17235004040010457
AP,perclass_lnmr,AsyCo,0.2,vasc,0.14819107318400632
AP,perclass_lnmr,AsyCo,0.2,df,0.1150974025974026
AP,perclass_lnmr,baseline,0.3,nv,0.6700273557259602
AP,perclass_lnmr,baseline,0.3,bkl,0.46272240324192504
AP,perclass_lnmr,baseline,0.3,mel,0.49280733699576224
AP,perclass_lnmr,baseline,0.3,bcc,0.5537254879576252
AP,perclass_lnmr,baseline,0.3,akiec,0.45403734487951725
AP,perclass_lnmr,baseline,0.3,vasc,0.5133523323562591
AP,perclass_lnmr,baseline,0.3,df,0.4704694311536417
AP,perclass_lnmr,SCE,0.3,nv,0.5260467155911913
AP,perclass_lnmr,SCE,0.3,bkl,0.49930775310840403
AP,perclass_lnmr,SCE,0.3,mel,0.47635834250875647
AP,perclass_lnmr,SCE,0.3,bcc,0.50085769512038
AP,perclass_lnmr,SCE,0.3,akiec,0.43604880487831066
AP,perclass_lnmr,SCE,0.3,vasc,0.42224331498558554
AP,perclass_lnmr,SCE,0.3,df,0.4215607199817725
AP,perclass_lnmr,ELR,0.3,nv,0.6478045330363684
AP,perclass_lnmr,ELR,0.3,bkl,0.45606417470826033
AP,perclass_lnmr,ELR,0.3,mel,0.4699405647266099
AP,perclass_lnmr,ELR,0.3,bcc,0.5374933478139531
AP,perclass_lnmr,ELR,0.3,akiec,0.4447841687241219
AP,perclass_lnmr,ELR,0.3,vasc,0.5186154902509961
AP,perclass_lnmr,ELR,0.3,df,0.44827986633249794
AP,perclass_lnmr,AsyCo,0.3,nv,0.3031681551728773
AP,perclass_lnmr,AsyCo,0.3,bkl,0.3495911127607533
AP,perclass_lnmr,AsyCo,0.3,mel,0.29992470886315015
AP,perclass_lnmr,AsyCo,0.3,bcc,0.2622232492390349
AP,perclass_lnmr,AsyCo,0.3,akiec,0.16984429992693154
AP,perclass_lnmr,AsyCo,0.3,vasc,0.12029213997600934
AP,perclass_lnmr,AsyCo,0.3,df,0.10860370623528519
AP,perclass_lnmr,baseline,0.4,nv,0.6061200440439174
AP,perclass_lnmr,baseline,0.4,bkl,0.4302430441665569
AP,perclass_lnmr,baseline,0.4,mel,0.5318744519278246
AP,perclass_lnmr,baseline,0.4,bcc,0.5158781989176542
AP,perclass_lnmr,baseline,0.4,akiec,0.4137281545852874
AP,perclass_lnmr,baseline,0.4,vasc,0.48933363634036214
AP,perclass_lnmr,baseline,0.4,df,0.46564905448143695
AP,perclass_lnmr,SCE,0.4,nv,0.5671529960581243
AP,perclass_lnmr,SCE,0.4,bkl,0.450600980989378
AP,perclass_lnmr,SCE,0.4,mel,0.4862498394953653
AP,perclass_lnmr,SCE,0.4,bcc,0.43320453936069053
AP,perclass_lnmr,SCE,0.4,akiec,0.35005717570480355
AP,perclass_lnmr,SCE,0.4,vasc,0.403621605271333
AP,perclass_lnmr,SCE,0.4,df,0.44160602506236035
AP,perclass_lnmr,ELR,0.4,nv,0.573596498461444
AP,perclass_lnmr,ELR,0.4,bkl,0.4269869987584597
AP,perclass_lnmr,ELR,0.4,mel,0.5175104942260916
AP,perclass_lnmr,ELR,0.4,bcc,0.5052356959233963
AP,perclass_lnmr,ELR,0.4,akiec,0.3877260596727142
AP,perclass_lnmr,ELR,0.4,vasc,0.4784831031446277
AP,perclass_lnmr,ELR,0.4,df,0.47088234379791805
AP,perclass_lnmr,AsyCo,0.4,nv,0.3372590288545073
AP,perclass_lnmr,AsyCo,0.4,bkl,0.3450882064778456
AP,perclass_lnmr,AsyCo,0.4,mel,0.30107960810503487
AP,perclass_lnmr,AsyCo,0.4,bcc,0.23343622158599828
AP,perclass_lnmr,AsyCo,0.4,akiec,0.11331533030579852
AP,perclass_lnmr,AsyCo,0.4,vasc,0.11675083561653436
AP,perclass_lnmr,AsyCo,0.4,df,0.20128800613369977
AP,perclass_lnmr,baseline,0.5,nv,0.5526465498455193
AP,perclass_lnmr,baseline,0.5,bkl,0.41710525597016784
AP,perclass_lnmr,baseline,0.5,mel,0.5144497155884571
AP,perclass_lnmr,baseline,0.5,bcc,0.4977649118072133
AP,perclass_lnmr,baseline,0.5,akiec,0.3778529039132327
AP,perclass_lnmr,baseline,0.5,vasc,0.4722785647090628
AP,perclass_lnmr,baseline,0.5,df,0.4460187302061585
AP,perclass_lnmr,SCE,0.5,nv,0.5982689223018414
AP,perclass_lnmr,SCE,0.5,bkl,0.4244843358939427
AP,perclass_lnmr,SCE,0.5,mel,0.4899727599413987
AP,perclass_lnmr,SCE,0.5,bcc,0.3978222895422189
AP,perclass_lnmr,SCE,0.5,akiec,0.30652617111360636
AP,perclass_lnmr,SCE,0.5,vasc,0.3450482503928388
AP,perclass_lnmr,SCE,0.5,df,0.38058472955992156
AP,perclass_lnmr,ELR,0.5,nv,0.517368844414573
AP,perclass_lnmr,ELR,0.5,bkl,0.40765385268077053
AP,perclass_lnmr,ELR,0.5,mel,0.5076040597587932
AP,perclass_lnmr,ELR,0.5,bcc,0.49330484888768167
AP,perclass_lnmr,ELR,0.5,akiec,0.3676223424003844
AP,perclass_lnmr,ELR,0.5,vasc,0.4658021544700546
AP,perclass_lnmr,ELR,0.5,df,0.4357366656731202
AP,perclass_lnmr,AsyCo,0.5,nv,0.3130570932376532
AP,perclass_lnmr,AsyCo,0.5,bkl,0.3381784018882996
AP,perclass_lnmr,AsyCo,0.5,mel,0.288396181925108
AP,perclass_lnmr,AsyCo,0.5,bcc,0.21880795541408501
AP,perclass_lnmr,AsyCo,0.5,akiec,0.11974106561976523
AP,perclass_lnmr,AsyCo,0.5,vasc,0.08468842377199648
AP,perclass_lnmr,AsyCo,0.5,df,0.2006631189751426
